12378,302,اهر,1,اهر,آذربایجان شرقی	,EAZ
12379,303,تبریز,1,تبریز,آذربایجان شرقی	,EAZ
12380,306,مراغه,1,مراغه,آذربایجان شرقی	,EAZ
12381,305,سراب,1,سراب,آذربایجان شرقی	,EAZ
12382,307,مرند,1,مرند,آذربایجان شرقی	,EAZ
12383,310,میانه,1,میانه,آذربایجان شرقی	,EAZ
12384,311,هشترود,1,هشترود,آذربایجان شرقی	,EAZ
12385,312,بناب,1,بناب,آذربایجان شرقی	,EAZ
12386,314,شبستر,1,شبستر,آذربایجان شرقی	,EAZ
12387,313,بستان آباد,1,بستان آباد,آذربایجان شرقی	,EAZ
12388,315,کلیبر,1,کلیبر,آذربایجان شرقی	,EAZ
12389,316,هریس,1,هریس,آذربایجان شرقی	,EAZ
12390,319,جلفا,1,جلفا,آذربایجان شرقی	,EAZ
12391,320,ملکان,1,ملکان,آذربایجان شرقی	,EAZ
12392,321,آذرشهر,1,آذرشهر,آذربایجان شرقی	,EAZ
12393,324,ورزقان,1,ورزقان,آذربایجان شرقی	,EAZ
12394,325,عجب شیر,1,عجب شیر,آذربایجان شرقی	,EAZ
12395,322,اسکو,1,اسکو,آذربایجان شرقی	,EAZ
12396,322,اسکو,1,اسکلو,آذربایجان شرقی	,EAZ
12397,326,خداآفرین,1,خداآفرین,آذربایجان شرقی	,EAZ
12398,327,هوراند,1,هوراند,آذربایجان شرقی	,EAZ
12790,328,ایلخچی,1,ایلخچی,آذربایجان شرقی	,EAZ
12791,329,آبش احمد,1,ابشاحمد,آذربایجان شرقی	,EAZ
12792,330,آقکند,1,آق کند,آذربایجان شرقی	,EAZ
12793,331,باسمنج,1,باسمنج,آذربایجان شرقی	,EAZ
12794,332,بخشایش,1,بخشایش ـ کلوانق,آذربایجان شرقی	,EAZ
12795,333,بناب جدید,1,بناب جدید ـ مرند,آذربایجان شرقی	,EAZ
12796,334,ترک,1,ترک,آذربایجان شرقی	,EAZ
12797,335,ترکمانچای,1,ترکمانچای,آذربایجان شرقی	,EAZ
12798,336,تسوج,1,تسوج,آذربایجان شرقی	,EAZ
12799,337,تیکمه داش,1,تیکمه داش,آذربایجان شرقی	,EAZ
12800,338,خاروانا,1,خاروانا,آذربایجان شرقی	,EAZ
12801,339,خامنه,1,خامنه,آذربایجان شرقی	,EAZ
12802,340,خراجو,1,خراجو,آذربایجان شرقی	,EAZ
12803,341,خسروشهر,1,خسروشهر,آذربایجان شرقی	,EAZ
12804,342,خمارلو,1,خمارلو,آذربایجان شرقی	,EAZ
12805,343,خواجه,1,خواجه,آذربایجان شرقی	,EAZ
12806,345,زرنق,1,زرنق,آذربایجان شرقی	,EAZ
12807,346,زنوز,1,زنوز,آذربایجان شرقی	,EAZ
12808,347,سردرود,1,سردرود,آذربایجان شرقی	,EAZ
12809,348,سیس,1,سیس,آذربایجان شرقی	,EAZ
12810,349,سیه رود,1,سیهرود,آذربایجان شرقی	,EAZ
12811,350,شربیان,1,شربیان,آذربایجان شرقی	,EAZ
12812,351,شرفخانه,1,شرفخانه,آذربایجان شرقی	,EAZ
12813,352,شندآباد,1,شندآباد,آذربایجان شرقی	,EAZ
12814,353,شهرجدیدسهند,1,شهر جدید سهند,آذربایجان شرقی	,EAZ
12815,354,صوفیان,1,صوفیان,آذربایجان شرقی	,EAZ
12816,355,قره آغاج,1,قره اغاج ـ چاراویماق,آذربایجان شرقی	,EAZ
12817,356,کشکسرای,1,کشک سرای,آذربایجان شرقی	,EAZ
12818,359,گوگان,1,گوگان,آذربایجان شرقی	,EAZ
12819,360,لیلان,1,لیلان,آذربایجان شرقی	,EAZ
12820,361,ممقان,1,ممقان,آذربایجان شرقی	,EAZ
12821,362,مهربان,1,مهربان,آذربایجان شرقی	,EAZ
12822,363,نظرکهریزی,1,نظرکهریزی,آذربایجان شرقی	,EAZ
12823,364,وایقان,1,وایقان,آذربایجان شرقی	,EAZ
12824,365,هادیشهر,1,هادیشهر,آذربایجان شرقی	,EAZ
12825,366,یامچی,1,یامچی,آذربایجان شرقی	,EAZ
13360,368,کندوان,1,کندوان,آذربایجان شرقی	,EAZ
13363,3500,اچاچی,1,اچاچی,آذربایجان شرقی	,EAZ
13364,3501,تیمورلو,1,تیمورلو,آذربایجان شرقی	,EAZ
13365,3503,خسروشاه,1,خسروشهر,آذربایجان شرقی	,EAZ
13416,582,آذر شهر,1,آذرشهر,آذربایجان شرقی	,EAZ
13417,4369,اغچه ریش,1,اغچه ریش,آذربایجان شرقی	,EAZ
13732,7432,شیخدراباد,1,شیخدرآباد,آذربایجان شرقی	,EAZ
13733,6126,گوندوغدی,1,گوندوغدی,آذربایجان شرقی	,EAZ
13734,7860,پورسخلو,1,پورسخلو,آذربایجان شرقی	,EAZ
13735,4575,قویوجاق,1,قویوجاق,آذربایجان شرقی	,EAZ
13736,9047,ارموداق,1,ارموداق,آذربایجان شرقی	,EAZ
13737,7213,کهنمو,1,کهنمو,آذربایجان شرقی	,EAZ
13738,4599,اربط,1,اربط,آذربایجان شرقی	,EAZ
13739,3995,خسرو شهر,1,خسروشهر,آذربایجان شرقی	,EAZ
13740,6660,خلجان,1,خلجان,آذربایجان شرقی	,EAZ
13741,5418,کندرود,1,کندرود,آذربایجان شرقی	,EAZ
13742,3957,مایان سفلی,1,مایان سفلی,آذربایجان شرقی	,EAZ
13743,3153,شیرامین,1,شیرامین,آذربایجان شرقی	,EAZ
13744,9993,امند,1,امند,آذربایجان شرقی	,EAZ
13745,7248,شند آباد,1,شندآباد,آذربایجان شرقی	,EAZ
13746,5427,مینق,1,مینق,آذربایجان شرقی	,EAZ
13747,5445,سرند,1,سرند,آذربایجان شرقی	,EAZ
13748,9286,بیلوردی,1,بیلوردی,آذربایجان شرقی	,EAZ
13749,7229,گلین قیه,1,گلین قیه,آذربایجان شرقی	,EAZ
13750,7354,یکان کهریز,1,یکان کهریز,آذربایجان شرقی	,EAZ
13751,159,شجاع,1,شجاع,آذربایجان شرقی	,EAZ
13752,85,نوجه مهر,1,نوجهمهر,آذربایجان شرقی	,EAZ
13753,5058,چول قشلاقی,1,چولقشلاقی,آذربایجان شرقی	,EAZ
13754,3318,ورگهان,1,ورگهان,آذربایجان شرقی	,EAZ
13755,8545,افیل,1,افیل,آذربایجان شرقی	,EAZ
13756,8607,سیه کلان,1,سیهکلان,آذربایجان شرقی	,EAZ
13757,4233,اق براز,1,اقبراز,آذربایجان شرقی	,EAZ
13758,4995,مولان,1,مولان,آذربایجان شرقی	,EAZ
13759,1679,عاشقلو,1,عاشقلو,آذربایجان شرقی	,EAZ
13760,7154,یوزبند,1,یوزبند,آذربایجان شرقی	,EAZ
13761,6544,تیل,1,تیل,آذربایجان شرقی	,EAZ
13762,2582,لاریجان,1,لاهیجان,آذربایجان شرقی	,EAZ
13763,2582,لاریجان,1,لاریجان,آذربایجان شرقی	,EAZ
13764,2959,اسبفروشان,1,اسب فروشان,آذربایجان شرقی	,EAZ
13765,2040,ابرغان,1,ابرغان,آذربایجان شرقی	,EAZ
13766,2873,رازلیق,1,رازلیق,آذربایجان شرقی	,EAZ
13767,8537,اغمیون,1,اغمیون,آذربایجان شرقی	,EAZ
13768,6408,اردها,1,اردها,آذربایجان شرقی	,EAZ
13769,1763,قره چای حاج علی,1,قرهچای حاجعلی,آذربایجان شرقی	,EAZ
13770,7701,قره بابا,1,قره بابا,آذربایجان شرقی	,EAZ
13771,6238,الانق,1,الانق,آذربایجان شرقی	,EAZ
13772,6620,کردکندی,1,کردکندی,آذربایجان شرقی	,EAZ
13773,9632,قره چمن,1,قرهچمن,آذربایجان شرقی	,EAZ
13774,7284,ورجوی,1,ورجوی,آذربایجان شرقی	,EAZ
13775,6048,خداجو,1,خراجو,آذربایجان شرقی	,EAZ
13776,6098,داش اتان,1,داشاتان,آذربایجان شرقی	,EAZ
13777,8813,داش بلاغ بازار,1,داش بلاغ بازار,آذربایجان شرقی	,EAZ
13778,7296,صومعه,1,صومعه,آذربایجان شرقی	,EAZ
13779,4267,علویان,1,علویان,آذربایجان شرقی	,EAZ
13780,7336,خضرلو,1,خضرلو,آذربایجان شرقی	,EAZ
13781,1546,مهماندار,1,مهماندار,آذربایجان شرقی	,EAZ
13782,9740,خانیان,1,خانیان,آذربایجان شرقی	,EAZ
13783,7361,دانالو,1,دانالو,آذربایجان شرقی	,EAZ
13784,6256,رحمانلو,1,رحمانلو,آذربایجان شرقی	,EAZ
13785,9733,زاوشت,1,زاوشت,آذربایجان شرقی	,EAZ
13786,5620,القو,1,القو,آذربایجان شرقی	,EAZ
13787,5763,روشت بزرگ,1,روشت بزرگ,آذربایجان شرقی	,EAZ
13788,2973,زوارق,1,زوارق,آذربایجان شرقی	,EAZ
13789,551,لکلر,1,لکلر,آذربایجان شرقی	,EAZ
13790,8939,بایقوت,1,بایقوت,آذربایجان شرقی	,EAZ
13791,8793,اروق,1,اروق,آذربایجان شرقی	,EAZ
13792,8772,اق منار,1,اقمنار,آذربایجان شرقی	,EAZ
13793,9027,اوشندل,1,اوشندل,آذربایجان شرقی	,EAZ
13794,3639,علی ابادعلیا,1,علی آبادعلیا,آذربایجان شرقی	,EAZ
13795,3424,ذوالبین,1,ذوالبین,آذربایجان شرقی	,EAZ
13796,5582,نظر کهریزی,1,نظرکهریزی,آذربایجان شرقی	,EAZ
13797,3671,اتش بیگ,1,آتش بیگ,آذربایجان شرقی	,EAZ
13798,4462,سلوک,1,سلوک,آذربایجان شرقی	,EAZ
13799,896,ارسگنای سفلی,1,ارسگنای سفلی,آذربایجان شرقی	,EAZ
13800,5682,ذاکرکندی,1,ذاکر کندی,آذربایجان شرقی	,EAZ
13801,3315,قوچ احمد,1,قوچ احمد,آذربایجان شرقی	,EAZ
13802,4490,اغ زیارت,1,اغزیارت,آذربایجان شرقی	,EAZ
12496,904,تایباد,11,تایباد,خراسان رضوی,RKH
12497,905,تربت حیدریه,11,تربت حیدریه,خراسان رضوی,RKH
12498,906,تربت جام,11,تربت جام,خراسان رضوی,RKH
12499,908,سبزوار,11,سبزوار,خراسان رضوی,RKH
12500,907,درگز,11,درگز,خراسان رضوی,RKH
12501,913,قوچان,11,قوچان,خراسان رضوی,RKH
12502,914,کاشمر,11,کاشمر,خراسان رضوی,RKH
12503,915,گناباد,11,گناباد,خراسان رضوی,RKH
12504,916,مشهد,11,مشهد,خراسان رضوی,RKH
12505,917,نیشابور,11,نیشابور,خراسان رضوی,RKH
12506,918,چناران,11,چناران,خراسان رضوی,RKH
12507,919,خواف,11,خواف,خراسان رضوی,RKH
12508,920,سرخس,11,سرخس,خراسان رضوی,RKH
12509,922,فریمان,11,فریمان,خراسان رضوی,RKH
12510,923,بردسکن,11,بردسکن,خراسان رضوی,RKH
12511,927,رشتخوار,11,رشتخوار,خراسان رضوی,RKH
12512,928,کلات,11,کلات,خراسان رضوی,RKH
12513,929,خلیل آباد,11,خلیل آباد,خراسان رضوی,RKH
12514,931,بجستان,11,بجستان,خراسان رضوی,RKH
12515,933,فیروزه,11,فیروزه ـ تخت جلگه,خراسان رضوی,RKH
12516,934,جغتای,11,جغتای,خراسان رضوی,RKH
12517,936,جوین,11,دوین,خراسان رضوی,RKH
12518,937,باخرز,11,باخرز,خراسان رضوی,RKH
12519,939,داورزن,11,داورزن,خراسان رضوی,RKH
12520,940,صالح آباد,11,صالح آباد,خراسان رضوی,RKH
12913,941,احمدآبادصولت,11,احمدآباد صولت,خراسان رضوی,RKH
12914,942,انابد,11,انابد,خراسان رضوی,RKH
12915,943,باجگیران,11,باجگیران,خراسان رضوی,RKH
12916,944,بار,11,بار,خراسان رضوی,RKH
12917,945,بایگ,11,بایک,خراسان رضوی,RKH
12918,946,بیدخت,11,بیدخت,خراسان رضوی,RKH
12919,947,جنگل,11,جنگل,خراسان رضوی,RKH
12920,948,چاپشلو,11,چاپشلو,خراسان رضوی,RKH
12921,949,چکنه,11,چکنه,خراسان رضوی,RKH
12922,950,خرو,11,خرو,خراسان رضوی,RKH
12923,951,درود,11,دررود,خراسان رضوی,RKH
12924,952,دولت آباد ,11,دولت آباد ـ زاوه,خراسان رضوی,RKH
12925,953,رباط سنگ,11,رباط سنگ,خراسان رضوی,RKH
12926,954,رضویه,11,رضویه,خراسان رضوی,RKH
12927,955,روداب,11,رودآب,خراسان رضوی,RKH
12928,957,سفیدسنگ,11,سفید سنگ,خراسان رضوی,RKH
12929,958,سلامی,11,سلامی,خراسان رضوی,RKH
12930,959,سلطان آباد,11,سلطان آباد,خراسان رضوی,RKH
12931,960,سنگان,11,سنگان,خراسان رضوی,RKH
12932,961,شادمهر,11,شادمهر,خراسان رضوی,RKH
12933,962,شاندیز,11,شاندیز,خراسان رضوی,RKH
12934,963,ششتمد,11,ششتمد,خراسان رضوی,RKH
12935,964,شهرآباد,11,شهرآباد,خراسان رضوی,RKH
12936,965,شهرزو,11,شهر زو,خراسان رضوی,RKH
12937,967,طرقبه,11,طرقبه ـ بینالود,خراسان رضوی,RKH
12938,968,عشق آباد,11,عشق آباد,خراسان رضوی,RKH
12939,969,فرهادگرد,11,فرهادگرد,خراسان رضوی,RKH
12940,970,فیض آباد,11,فیض آباد ـ مه ولات,خراسان رضوی,RKH
12941,971,قاسم آباد,11,قاسم آباد,خراسان رضوی,RKH
12942,972,قدمگاه,11,قدمگاه,خراسان رضوی,RKH
12943,973,قلندرآباد,11,قلندرآباد,خراسان رضوی,RKH
12944,974,کاخک,11,کاخک,خراسان رضوی,RKH
12945,975,کاریز,11,کاریز,خراسان رضوی,RKH
12946,976,کدکن,11,کدکن,خراسان رضوی,RKH
12947,977,کندر,11,کندر,خراسان رضوی,RKH
12948,978,گلمکان,11,گلمکان,خراسان رضوی,RKH
12949,979,لطف آباد,11,لطف آباد,خراسان رضوی,RKH
12950,980,مزدآوند,11,مزداوند,خراسان رضوی,RKH
12951,981,مشهدریزه,11,مشهدریزه,خراسان رضوی,RKH
12952,982,ملک آباد,11,ملک آباد,خراسان رضوی,RKH
12953,983,نشتیفان,11,نشتیفان,خراسان رضوی,RKH
12954,984,نصر آباد,11,نصرآباد,خراسان رضوی,RKH
12955,985,نقاب,11,نقاب ـ جوین,خراسان رضوی,RKH
12956,986,نوخندان,11,نوخندان,خراسان رضوی,RKH
12957,987,نیل شهر,11,نیل شهر,خراسان رضوی,RKH
12958,988,همت آباد,11,همت آباد,خراسان رضوی,RKH
12959,989,یونسی,11,یونسی,خراسان رضوی,RKH
14292,6892,شوراب,11,شوراب,خراسان رضوی,RKH
14293,3835,برزنون,11,برزنون,خراسان رضوی,RKH
14294,8352,فدیشه,11,فدیشه,خراسان رضوی,RKH
14295,7707,فرخک,11,فرخک,خراسان رضوی,RKH
14296,9834,خوجان,11,خوجان,خراسان رضوی,RKH
14297,9441,کورده,11,گورده,خراسان رضوی,RKH
14298,1476,طوس سفلی,11,طوس سفلی,خراسان رضوی,RKH
14299,3413,رادکان,11,رادکان,خراسان رضوی,RKH
14300,2824,گلبهار,11,گلبهار,خراسان رضوی,RKH
14301,634,سلوگرد,11,سلوگرد,خراسان رضوی,RKH
14302,8276,ارداک,11,ارداک,خراسان رضوی,RKH
14303,7270,چاهک,11,چاهک,خراسان رضوی,RKH
14304,4138,گوش,11,گوش,خراسان رضوی,RKH
14305,6354,نریمانی سفلی,11,نریمانی سفلی,خراسان رضوی,RKH
14306,9123,کچولی,11,کچولی,خراسان رضوی,RKH
14307,9759,شیرتپه,11,شیرتپه,خراسان رضوی,RKH
14308,5701,پس کمر,11,پس کمر,خراسان رضوی,RKH
14309,162,بزنگان,11,بزنگان,خراسان رضوی,RKH
14310,1970,گنبدلی,11,گنبدلی,خراسان رضوی,RKH
14311,6486,کندک لی,11,کندکلی,خراسان رضوی,RKH
14312,3174,کته شمشیرسفلی,11,کته شمشیرسفلی,خراسان رضوی,RKH
14313,4697,سنگ بست,11,سنگبست,خراسان رضوی,RKH
14314,3972,سفید سنگ,11,سفید سنگ,خراسان رضوی,RKH
14315,3666,قلندر آباد,11,قلندرآباد,خراسان رضوی,RKH
14316,1271,زرکک,11,زرکک,خراسان رضوی,RKH
14318,3428,شهرکهنه,11,شهرکهنه,خراسان رضوی,RKH
14319,2455,قریه شرف,11,قریه شرف,خراسان رضوی,RKH
14320,7602,دیزادیز,11,دیزادیز,خراسان رضوی,RKH
14321,6484,شفیع,11,شفیع,خراسان رضوی,RKH
14322,7008,دوغایی,11,دوغایی,خراسان رضوی,RKH
14323,8309,امامقلی,11,امام قلی,خراسان رضوی,RKH
14324,1168,حسن ابادلایین نو,11,حسن آبادلائن نو,خراسان رضوی,RKH
14325,3946,محمدتقی,11,محمدتقی,خراسان رضوی,RKH
14326,9844,سیوکی,11,سیوکی,خراسان رضوی,RKH
14327,2149,مهنه,11,مهنه,خراسان رضوی,RKH
14328,7113,عبدل اباد,11,عبدل آباد,خراسان رضوی,RKH
14329,5078,بایک,11,بایک,خراسان رضوی,RKH
14330,8229,چخماق,11,چخماق,خراسان رضوی,RKH
14331,5758,قلعه اقاحسن,11,قلعه آقاحسن,خراسان رضوی,RKH
14332,7218,زرغری,11,زرغری,خراسان رضوی,RKH
14333,2498,باسفر,11,باسفر,خراسان رضوی,RKH
14334,5306,یک لنگی علیا,11,یک لنگی علیا,خراسان رضوی,RKH
14335,9264,کامه سفلی,11,کامه سفلی,خراسان رضوی,RKH
14336,7787,رودخانه,11,رودخانه,خراسان رضوی,RKH
14337,9836,چمن اباد,11,چمن آباد,خراسان رضوی,RKH
14338,8577,چشمه گل,11,چشمه گل,خراسان رضوی,RKH
14339,7769,ابدال اباد,11,ابدال آباد,خراسان رضوی,RKH
14340,4733,کاریزنو,11,کاریزنو,خراسان رضوی,RKH
14341,1393,یاقوتین جدید,11,یاقوتین جدید,خراسان رضوی,RKH
14342,7935,ازاده,11,ازاده,خراسان رضوی,RKH
14343,1924,کرات,11,کرات,خراسان رضوی,RKH
14344,7963,کوه سفید,11,کوهسفید,خراسان رضوی,RKH
14345,9478,رباطسرپوشی,11,رباط سرپوش,خراسان رضوی,RKH
14346,3459,نامن,11,نامن,خراسان رضوی,RKH
14347,6187,مزینان,11,مزینان,خراسان رضوی,RKH
14348,9972,دستوران,11,دستوران,خراسان رضوی,RKH
14349,4306,ازادوار,11,ازادوار,خراسان رضوی,RKH
14350,542,راه چمن,11,راهچمن,خراسان رضوی,RKH
14351,7992,انداده,11,انداده,خراسان رضوی,RKH
14352,7365,حکم اباد,11,حکم اباد,خراسان رضوی,RKH
14353,3648,برغمد,11,برغمد,خراسان رضوی,RKH
14354,6033,بلاشی اباد,11,بلاش اباد,خراسان رضوی,RKH
14355,6595,نوده انقلاب,11,نوده انقلاب,خراسان رضوی,RKH
14356,4320,رباطجز,11,رباط جز,خراسان رضوی,RKH
14357,9973,شامکان,11,شامکان,خراسان رضوی,RKH
14358,8171,تندک,11,تندک,خراسان رضوی,RKH
14359,4064,اوندر,11,اوندر,خراسان رضوی,RKH
14360,6502,فدافن,11,فدافند,خراسان رضوی,RKH
14361,5742,بندقرا,11,بند قرائ,خراسان رضوی,RKH
14362,55,کاسف,11,کاسف,خراسان رضوی,RKH
14363,461,کبودان,11,کبودان,خراسان رضوی,RKH
14364,3374,شفیع اباد,11,شفیع اباد,خراسان رضوی,RKH
14365,8547,رکن اباد,11,حکم اباد,خراسان رضوی,RKH
14366,8547,رکن اباد,11,رکناباد,خراسان رضوی,RKH
14367,9015,درونه,11,درونه,خراسان رضوی,RKH
14368,4261,گیسوربالا,11,گیسوبالا,خراسان رضوی,RKH
14369,7321,زیبد,11,زیبد,خراسان رضوی,RKH
14370,1758,جزین,11,جزین,خراسان رضوی,RKH
12673,2801,اسفراین,12,اسفراین,خراسان شمال,NKH
12674,2802,بجنورد,12,بجنورد,خراسان شمال,NKH
12675,2803,جاجرم,12,جاجرم,خراسان شمال,NKH
12676,2804,شیروان,12,شیروان,خراسان شمال,NKH
12677,2805,فاروج,12,فاروج,خراسان شمال,NKH
12678,2807,گرمه,12,گرمه,خراسان شمال,NKH
12960,2810,آشخانه,12,آشخانه ـ مانه و سلمقان,خراسان شمال,NKH
12961,2811,پیش قلعه,12,پیش قلعه,خراسان شمال,NKH
12962,2813,حصارگرمخان,12,حصار گرمخانه,خراسان شمال,NKH
12963,2814,درق,12,درق,خراسان شمال,NKH
12964,2815,راز,12,راز,خراسان شمال,NKH
12965,2816,سنخواست,12,سنخواست,خراسان شمال,NKH
12966,2817,شوقان,12,شوقان,خراسان شمال,NKH
12967,2818,صفی آباد,12,صفی آباد,خراسان شمال,NKH
12968,2819,قاضی,12,قاضی,خراسان شمال,NKH
12969,2820,لوجلی,12,لوجلی,خراسان شمال,NKH
14317,5603,حصار گرمخان,12,حصار گرمخانه,خراسان شمال,NKH
12427,601,آبادان,13,آبادان,خوزستان,KHZ
12428,602,اندیمشک,13,اندیمشک,خوزستان,KHZ
12429,603,اهواز,13,اهواز,خوزستان,KHZ
12430,604,ایذه,13,ایذه,خوزستان,KHZ
12431,606,بهبهان,13,بهبهان,خوزستان,KHZ
12432,607,خرمشهر,13,خرمشهر,خوزستان,KHZ
12433,608,دزفول,13,دزفول,خوزستان,KHZ
12434,610,رامهرمز,13,رامهرمز,خوزستان,KHZ
12435,611,شادگان,13,شادگان,خوزستان,KHZ
12436,612,شوشتر,13,شوشتر,خوزستان,KHZ
12437,613,مسجدسلیمان,13,مسجد سلیمان,خوزستان,KHZ
12438,614,شوش,13,شوش,خوزستان,KHZ
12439,615,باغ ملک,13,باغ ملک,خوزستان,KHZ
12440,616,امیدیه,13,حمیدیه,خوزستان,KHZ
12441,616,امیدیه,13,امیدیه,خوزستان,KHZ
12442,617,لالی,13,لالی,خوزستان,KHZ
12443,618,هندیجان,13,هندیجان,خوزستان,KHZ
12444,619,رامشیر,13,رامشیر,خوزستان,KHZ
12445,620,گتوند,13,گتوند,خوزستان,KHZ
12446,623,هویزه,13,هویزه,خوزستان,KHZ
12447,625,حمیدیه,13,حمیدیه,خوزستان,KHZ
12448,625,حمیدیه,13,امیدیه,خوزستان,KHZ
12449,626,آغاجاری,13,آغاجاری,خوزستان,KHZ
12970,628,اروندکنار,13,اروندکنار,خوزستان,KHZ
12971,629,الوان,13,الوانی,خوزستان,KHZ
12972,631,بستان,13,بستان,خوزستان,KHZ
12973,633,بندرامام خمینی,13,بندر امام خمینی,خوزستان,KHZ
12974,633,بندرامام خمینی,13,بندرامام خمینی,خوزستان,KHZ
12975,637,جایزان,13,جایزان,خوزستان,KHZ
12976,639,جنت مکان,13,جنتمکان,خوزستان,KHZ
12977,643,چمران,13,چمران ـ شهرک طالقانی,خوزستان,KHZ
12978,649,حسینیه,13,حسینیه,خوزستان,KHZ
12979,653,دارخوین,13,دارخوین,خوزستان,KHZ
12980,657,دهدز,13,دهدز,خوزستان,KHZ
12981,659,رفیع,13,رفیع,خوزستان,KHZ
12982,661,زهره,13,زهره,خوزستان,KHZ
12983,663,سالند,13,سالند,خوزستان,KHZ
12984,665,سردشت ,13,سردشت,خوزستان,KHZ
12985,669,سوسنگرد,13,سوسنگرد ـ دشت آزادگان,خوزستان,KHZ
12986,673,شرافت,13,شرافت,خوزستان,KHZ
12987,675,شیبان,13,شیبان,خوزستان,KHZ
12988,677,صالح شهر,13,صالح شهر,خوزستان,KHZ
12989,679,صالح مشطط,13,صالحمشطت,خوزستان,KHZ
12990,681,صفی آباد ,13,صفی آباد,خوزستان,KHZ
12991,683,صیدون,13,صیدون,خوزستان,KHZ
12992,685,قلعه تل,13,قلعه تل,خوزستان,KHZ
12993,687,قلعه خواجه,13,قلعه خواجو,خوزستان,KHZ
12994,687,قلعه خواجه,13,قلعه خواجه ـ اندیکا,خوزستان,KHZ
12995,689,گوریه,13,گوریه,خوزستان,KHZ
12996,693,مقاومت,13,مقاومت,خوزستان,KHZ
12997,695,ملاثانی,13,ملاثانی,خوزستان,KHZ
12998,901,مینوشهر,13,مینوشهر,خوزستان,KHZ
12999,902,ویس,13,ویس,خوزستان,KHZ
13000,903,هفتگل,13,هفتگل,خوزستان,KHZ
13382,3553,ابوحمیظه,13,ابوحمیظه,خوزستان,KHZ
13383,3565,گلگیر,13,گلگیر,خوزستان,KHZ
13384,3566,منصوریه,13,منصوریه,خوزستان,KHZ
13919,8302,فیاضی,13,فیاضی,خوزستان,KHZ
13920,4123,تنگ یک,13,تنگه یک,خوزستان,KHZ
13921,4353,نهرسلیم,13,نهر سلیم,خوزستان,KHZ
13922,5278,عین دو,13,عیندو,خوزستان,KHZ
13923,4717,قلعه چنعان,13,قلعه چنعال,خوزستان,KHZ
13924,4637,کریت برومی,13,کریت برومی,خوزستان,KHZ
13925,3282,چم کلگه,13,چمکلگه,خوزستان,KHZ
13926,3282,چم کلگه,13,چمکلگ,خوزستان,KHZ
13927,8778,اسیاب,13,اسیاب,خوزستان,KHZ
13928,7470,کردستان بزرگ,13,کردستان بزرگ,خوزستان,KHZ
13929,7716,میانکوه,13,میانکوه,خوزستان,KHZ
13930,1286,نفت سفید,13,نفت سفید,خوزستان,KHZ
13931,8533,دره تونم نمی,13,دره تونمنمی,خوزستان,KHZ
13932,8327,چنارستان,13,چنارستان,خوزستان,KHZ
13933,2150,پشت پیان,13,پشت پیان,خوزستان,KHZ
13934,3326,عبودی,13,عبودی,خوزستان,KHZ
13935,6395,درویشی,13,درویشی,خوزستان,KHZ
13936,4917,بوزی سیف,13,بوزیسیف,خوزستان,KHZ
13937,4186,حفاری شرقی,13,حفارشرقی,خوزستان,KHZ
13938,4698,یزدنو,13,یزدنو,خوزستان,KHZ
13939,9586,سیدعباس,13,سیدعباس,خوزستان,KHZ
13940,8392,شهرک نورمحمدی,13,شهرکنورمحمدی,خوزستان,KHZ
13941,2449,گاومیش اباد,13,گاومیش آباد,خوزستان,KHZ
13942,4007,عرب حسن,13,عربحسن,خوزستان,KHZ
13943,4164,چلون,13,چلون,خوزستان,KHZ
13944,9205,مزرعه یک,13,مزرعه یک,خوزستان,KHZ
13945,6248,خسرجی راضی حمد,13,خرج راضی احمد,خوزستان,KHZ
13946,9408,شهرک بهرام,13,شهرک بهرام,خوزستان,KHZ
13947,6890,شهرک انصار,13,شهرک انصار,خوزستان,KHZ
13948,8284,دره بوری,13,دره بوری,خوزستان,KHZ
12601,1901,ابهر,14,ابهر,زنجان,ZJN
12602,1904,زنجان,14,زنجان,زنجان,ZJN
12603,1909,ماهنشان,14,ماهنشان,زنجان,ZJN
12604,1907,خرمدره,14,خرمدره,زنجان,ZJN
12605,1910,سلطانیه,14,سلطانیه,زنجان,ZJN
13001,1912,ارمغانخانه,14,ارمغان خانه,زنجان,ZJN
13002,1913,آب بر,14, آب بر ـ طارم,زنجان,ZJN
13003,1914,چورزق,14,چورزق,زنجان,ZJN
13004,1915,حلب,14,حلب,زنجان,ZJN
13005,1916,دندی,14,دندی,زنجان,ZJN
13006,1917,زرین آباد,14,زرین آباد ـ ایجرود,زنجان,ZJN
13007,1918,زرین رود,14,زرین رود,زنجان,ZJN
13008,1919,سجاس,14,سجاس,زنجان,ZJN
13009,1920,سهرورد,14,سهرورد,زنجان,ZJN
13010,1921,صائین قلعه,14,صائین قلعه,زنجان,ZJN
13011,1922,قیدار,14,قیدار,زنجان,ZJN
13012,1923,گرماب,14,گرماب,زنجان,ZJN
13359,1911,هیدج,14,هیدج,زنجان,ZJN
13385,3568,کرسف,14,کرسف,زنجان,ZJN
13386,3570,نیک پی,14,نیک پی,زنجان,ZJN
13639,2390,همایون,14,همایون,زنجان,ZJN
13640,5381,بوغداکندی,14,بوغداکندی,زنجان,ZJN
13641,6156,اژدهاتو,14,اژدهاتو,زنجان,ZJN
13642,4602,اسفجین,14,اسفجین,زنجان,ZJN
13643,2662,قبله بلاغی,14,قبله بلاغی,زنجان,ZJN
13644,5866,پری,14,پری,زنجان,ZJN
13645,6623,اندابادعلیا,14,اندآباد علیا,زنجان,ZJN
13646,9821,قره گل,14,قرهگل,زنجان,ZJN
13647,2170,سونتو,14,سونتو,زنجان,ZJN
13648,9074,قلتوق,14,قلتوق,زنجان,ZJN
13649,9981,سنبل اباد,14,سنبل آباد,زنجان,ZJN
13650,9165,درسجین,14,دره سجین,زنجان,ZJN
13651,8139,کینه ورس,14,کینهورس,زنجان,ZJN
13652,9511,اقبلاغ سفلی,14,اقبلاغ سفلی,زنجان,ZJN
13653,3193,باش قشلاق,14,باشقشلاق,زنجان,ZJN
13654,4736,کهلا,14,کهلا,زنجان,ZJN
13655,7606,گیلوان,14,گیلوان,زنجان,ZJN
13656,1642,دستجرده,14,دستجرده,زنجان,ZJN
13657,4253,درام,14,درام,زنجان,ZJN
12606,2001,دامغان,15,دامغان,سمنان,SMN
12607,2002,سمنان,15,سمنان,سمنان,SMN
12608,2003,شاهرود,15,شاهرود,سمنان,SMN
12609,2004,گرمسار,15,گرمسار,سمنان,SMN
12610,2005,مهدی شهر,15,مهدی شهر,سمنان,SMN
12611,2006,آرادان,15,ارادان,سمنان,SMN
12612,2007,میامی,15,میامی,سمنان,SMN
12613,2008,سرخه,15,سرخه,سمنان,SMN
13013,2009,امیریه,15,امیریه,سمنان,SMN
13014,2010,ایوانکی,15,ایوانکی,سمنان,SMN
13015,2011,بسطام,15,بسطام,سمنان,SMN
13016,2012,بیارجمند,15,بیارجمند,سمنان,SMN
13017,2013,درجزین,15,درجزین,سمنان,SMN
13018,2014,دیباج,15,دیباج,سمنان,SMN
13019,2015,شهمیرزاد,15,شهمیرزاد,سمنان,SMN
13020,2016,کلاته خیج,15,کلاته خیج,سمنان,SMN
13021,2017,مجن,15,مجن,سمنان,SMN
13387,3571,رودیان,15,رویان,سمنان,SMN
13388,3573,کهن اباد,15,کهن آباد,سمنان,SMN
13403,3224,علا,15,علا,سمنان,SMN
13404,3357,ابخوری,15,آبخوری,سمنان,SMN
13405,1759,مهدیشهر,15,مهدی شهر,سمنان,SMN
13479,5727,اهوان,15,اهوان,سمنان,SMN
13480,8525,جام,15,جام,سمنان,SMN
13481,1684,دوزهیر,15,دوزهیر,سمنان,SMN
13482,1598,معدن نمک,15,معدن نمک,سمنان,SMN
13483,377,نظامی,15,نظامی,سمنان,SMN
13484,5360,لاسجرد,15,لاسجرد,سمنان,SMN
13485,3118,عبدالله ابادپایین,15,عبداله آبادپائین,سمنان,SMN
13486,7493,بیابانک,15,بیابانک,سمنان,SMN
13487,8802,دربند,15,دربند,سمنان,SMN
13488,6329,گل رودبار,15,گلرودبار,سمنان,SMN
13489,6778,افتر,15,افتر,سمنان,SMN
13490,7607,فولادمحله,15,فولاد محله,سمنان,SMN
13491,1287,ده صوفیان,15,ده صوفیان,سمنان,SMN
13492,7933,هیکو,15,هیکو,سمنان,SMN
13493,7038,چاشم,15,چاشم,سمنان,SMN
13494,1245,کردوان,15,کردوان,سمنان,SMN
13495,4229,مندولک,15,مندولک,سمنان,SMN
13496,2730,داوراباد,15,داورآباد,سمنان,SMN
13497,5779,بن کوه,15,بنکوه,سمنان,SMN
13498,7811,کهن آباد,15,کهن آباد,سمنان,SMN
13499,4689,کرک,15,کرک,سمنان,SMN
13500,2766,گلستانک,15,گلستانک,سمنان,SMN
13501,8326,لجران,15,لجران,سمنان,SMN
13502,100,جودانه,15,جودانه,سمنان,SMN
13503,1852,بکران,15,بکران,سمنان,SMN
13504,6805,کرداباد,15,کردآباد,سمنان,SMN
13505,5984,نردین,15,نردین,سمنان,SMN
13506,7131,سوداغلان,15,سوداغلن,سمنان,SMN
13507,6149,ابرسیج,15,ابرسیج,سمنان,SMN
13508,4382,میغان,15,میغان,سمنان,SMN
13509,4382,میغان,15,مغان,سمنان,SMN
13510,5398,قلعه نوخرقان,15,قلعه نوخرقان,سمنان,SMN
13511,4820,نگارمن,15,نگارمن,سمنان,SMN
13512,9761,دهملا,15,ده ملا,سمنان,SMN
13513,5136,سطوه,15,سطوه,سمنان,SMN
13514,5664,طرود,15,طرود,سمنان,SMN
13515,2165,مغان,15,میغان,سمنان,SMN
13516,2165,مغان,15,مغان,سمنان,SMN
13517,5929,گیور,15,گیور,سمنان,SMN
13518,2031,مسیح اباد,15,مسیح آباد,سمنان,SMN
13519,2055,زمان اباد,15,زمان آباد,سمنان,SMN
13520,3473,سلمرود,15,سلم رود,سمنان,SMN
13521,4089,جزن,15,جزن,سمنان,SMN
13522,3045,برم,15,برم,سمنان,SMN
13523,7043,محمداباد,15,محمدآباد,سمنان,SMN
13524,9417,معصوم اباد,15,معصوم آباد,سمنان,SMN
13525,7891,فرات,15,فرات,سمنان,SMN
13526,5284,علیان,15,علیان,سمنان,SMN
13527,1925,عمروان,15,عمروان,سمنان,SMN
13528,549,قوشه,15,قوشه,سمنان,SMN
13529,3699,دروار,15,دروار,سمنان,SMN
13530,381,مهماندوست,15,مهماندوست,سمنان,SMN
13531,9713,کلاته ملا,15,کلاته ملا,سمنان,SMN
13532,6863,قدرت اباد,15,قدرت آباد,سمنان,SMN
12538,1101,ایرانشهر,16,ایرانشهر,سیستان و بلوچستان,SBN
12539,1102,چابهار,16,چابهار,سیستان و بلوچستان,SBN
12540,1103,خاش,16,خاش,سیستان و بلوچستان,SBN
12541,1104,زابل,16,زابل,سیستان و بلوچستان,SBN
12542,1104,زابل,16,زابلی,سیستان و بلوچستان,SBN
12543,1105,زاهدان,16,زاهدان,سیستان و بلوچستان,SBN
12544,1106,سراوان,16,سراوان,سیستان و بلوچستان,SBN
12545,1107,نیک شهر,16,نیک شهر,سیستان و بلوچستان,SBN
12546,1108,سرباز,16,سرباز,سیستان و بلوچستان,SBN
12547,1109,کنارک,16,کنارک,سیستان و بلوچستان,SBN
12548,1110,زهک,16,زهک,سیستان و بلوچستان,SBN
12549,1117,میرجاوه,16,میرجاوه,سیستان و بلوچستان,SBN
12550,1118,قصرقند,16,قصرقند,سیستان و بلوچستان,SBN
12551,1119,فنوج,16,فنوج,سیستان و بلوچستان,SBN
12552,1120,بمپور,16,بمپور,سیستان و بلوچستان,SBN
13022,1121,ادیمی,16,ادیمی,سیستان و بلوچستان,SBN
13023,1122,اسپکه,16,اسپکه,سیستان و بلوچستان,SBN
13024,1123,بزمان,16,بزمان,سیستان و بلوچستان,SBN
13025,1124,بنت,16,بنت,سیستان و بلوچستان,SBN
13026,1125,بنجار,16,بنجار,سیستان و بلوچستان,SBN
13027,1126,پیشین,16,پیشین,سیستان و بلوچستان,SBN
13028,1127,جالق,16,جالق,سیستان و بلوچستان,SBN
13029,1129,دوست محمد,16,دوست محمد ـ هیرمند,سیستان و بلوچستان,SBN
13030,1130,راسک,16,راسک,سیستان و بلوچستان,SBN
13031,1132,زرآباد,16,زراباد,سیستان و بلوچستان,SBN
13032,1133,سوران,16,سوران ـ سیب سوران,سیستان و بلوچستان,SBN
13033,1134,سیرکان,16,سیرکان,سیستان و بلوچستان,SBN
13034,1136,گشت,16,گشت,سیستان و بلوچستان,SBN
13035,1137,گلمورتی,16,گلمورتی ـ دلگان,سیستان و بلوچستان,SBN
13036,1139,محمد آباد,16,محمدآباد,سیستان و بلوچستان,SBN
13037,1140,محمدی,16,محمدی,سیستان و بلوچستان,SBN
13038,1141,نصرت آباد,16,نصرت آباد,سیستان و بلوچستان,SBN
13039,1142,نگور,16,نگور,سیستان و بلوچستان,SBN
13040,1143,نوک آباد,16,نوک اباد,سیستان و بلوچستان,SBN
13428,5042,خواجه احمد,16,خواجه احمد,سیستان و بلوچستان,SBN
13429,5624,نیکشهر,16,نیک شهر,سیستان و بلوچستان,SBN
14371,8763,حرمک,16,حرمک,سیستان و بلوچستان,SBN
14372,4456,لادیزعلیا,16,لادیزعلیا,سیستان و بلوچستان,SBN
14373,2191,سیادک,16,سیادک,سیستان و بلوچستان,SBN
14374,183,خمک,16,خمک,سیستان و بلوچستان,SBN
14375,8052,تخت عدالت,16,تحت عدالت,سیستان و بلوچستان,SBN
14376,7624,برجمیرگل,16,برج میرگل,سیستان و بلوچستان,SBN
14377,8143,جهان ابادعلیا,16,جهان ابادعلیا,سیستان و بلوچستان,SBN
14378,4900,تیموراباد,16,تیموراباد,سیستان و بلوچستان,SBN
14379,8549,لوتک,16,لوتک,سیستان و بلوچستان,SBN
14380,6277,سکوهه,16,سکوهه,سیستان و بلوچستان,SBN
14381,3294,جزینک,16,جزینک,سیستان و بلوچستان,SBN
14382,1353,ژاله ای,16,ژالهای,سیستان و بلوچستان,SBN
14383,7920,کرباسک,16,کرباسک,سیستان و بلوچستان,SBN
14384,2357,نوک اباد,16,نوک اباد,سیستان و بلوچستان,SBN
14385,7752,کارواندر,16,کارواندر,سیستان و بلوچستان,SBN
14386,4455,زیرکدان,16,زیرگلدان,سیستان و بلوچستان,SBN
14387,1958,بیت اباد,16,بیت اباد,سیستان و بلوچستان,SBN
14388,3274,گوهرکوه,16,گوهرکوه,سیستان و بلوچستان,SBN
14389,9872,ده پابید,16,دهپابید,سیستان و بلوچستان,SBN
14390,8649,نازیل,16,ناذیل,سیستان و بلوچستان,SBN
14391,5778,کوشه,16,گوشه,سیستان و بلوچستان,SBN
14392,9711,افضل اباد,16,افضل اباد,سیستان و بلوچستان,SBN
14393,4532,چانف,16,چانف,سیستان و بلوچستان,SBN
14394,6181,اسماعیل کلگ,16,اسماعیل کلک,سیستان و بلوچستان,SBN
14395,7720,پارود,16,پارود,سیستان و بلوچستان,SBN
14396,4337,ایرافشان,16,ایرفشان,سیستان و بلوچستان,SBN
14397,4444,سرداب,16,سرداب,سیستان و بلوچستان,SBN
14398,9201,پیپ,16,پیپ,سیستان و بلوچستان,SBN
14399,2597,هودیان,16,هودیان,سیستان و بلوچستان,SBN
14400,4473,اسفندک,16,اسفندک,سیستان و بلوچستان,SBN
14401,4938,کوهک,16,کوهک,سیستان و بلوچستان,SBN
14402,8266,پسکوه,16,پسکو,سیستان و بلوچستان,SBN
14403,5641,هیدوچ,16,هیدوچ,سیستان و بلوچستان,SBN
14404,7045,طیس,16,طیس,سیستان و بلوچستان,SBN
14405,6908,تلنگ,16,تلنگ,سیستان و بلوچستان,SBN
14406,8319,پلان,16,پلان,سیستان و بلوچستان,SBN
14407,3345,باهوکلات,16,باهوکلات,سیستان و بلوچستان,SBN
14408,9334,پسابندر,16,پسابندر,سیستان و بلوچستان,SBN
14409,8864,پیرسهراب,16,پیرسهراب,سیستان و بلوچستان,SBN
14410,8884,شهدادکهیر,16,شهدای کهیر,سیستان و بلوچستان,SBN
14411,3215,مسکوتان,16,مسکوتان,سیستان و بلوچستان,SBN
14412,1660,محنت,16,محنت,سیستان و بلوچستان,SBN
14413,6801,چاهان,16,چاهان,سیستان و بلوچستان,SBN
14414,9017,شگیم بالا,16,شگیم بالا,سیستان و بلوچستان,SBN
14415,4203,کشیک,16,کشیک,سیستان و بلوچستان,SBN
14416,8924,ساربوک,16,ساربوک,سیستان و بلوچستان,SBN
12450,701,آباده,17,آباده,فارس,FRS
12451,702,استهبان,17,استهبان,فارس,FRS
12452,703,اقلید,17,اقلید,فارس,FRS
12453,704,جهرم,17,جهرم,فارس,FRS
12454,704,جهرم,17,دهرم,فارس,FRS
12455,705,داراب,17,داراب,فارس,FRS
12456,706,سپیدان,17,سیدان,فارس,FRS
12457,707,شیراز,17,شیراز,فارس,FRS
12458,708,فسا,17,فسا,فارس,FRS
12459,709,فیروزآباد,17,فیروزآباد,فارس,FRS
12460,710,کازرون,17,کازرون,فارس,FRS
12461,711,لارستان,17,انارستان,فارس,FRS
12462,712,مرودشت,17,مرودشت,فارس,FRS
12463,714,نی ریز,17,نی ریز,فارس,FRS
12464,715,لامرد,17,لامرد,فارس,FRS
12465,716,بوانات,17,بوانات,فارس,FRS
12466,717,ارسنجان,17,ارسنجان,فارس,FRS
12467,721,مهر,17,کمهر,فارس,FRS
12468,721,مهر,17,مهر,فارس,FRS
12469,722,فراشبند,17,فراشبند,فارس,FRS
12470,724,خنج,17,خنج,فارس,FRS
12471,725,سروستان,17,سروستان,فارس,FRS
12472,727,گراش,17,گراش,فارس,FRS
12473,728,کوار,17,کوار,فارس,FRS
12474,729,خرامه,17,خرامه,فارس,FRS
13041,730,اردکان,17,اردکان ـ سپیدان,فارس,FRS
13042,732,اشکنان,17,اشکنان,فارس,FRS
13043,733,افزر,17,افزر,فارس,FRS
13044,735,اوز,17,اوز,فارس,FRS
13045,737,ایج,17,ایج,فارس,FRS
13046,738,ایزدخواست,17,ایزدخواست,فارس,FRS
13047,739,آباده طشک,17,آباده طشک,فارس,FRS
13048,740,باب انار,17,باب انار,فارس,FRS
13049,741,بالاده,17,بالاده,فارس,FRS
13050,742,بنارویه,17,بنارویه,فارس,FRS
13051,743,بهمن,17,بهمن,فارس,FRS
13052,744,بیرم,17,بیرم,فارس,FRS
13053,745,بیضا,17,بیضا,فارس,FRS
13054,747,جویم,17,جویم,فارس,FRS
13055,748,حاجی آباد ,17,حاجی آباد ـ زرین دشت,فارس,FRS
13056,750,حسن آباد  ,17,حسن آباد,فارس,FRS
13057,752,خاوران,17,خاوران,فارس,FRS
13058,753,خشت,17,خشت,فارس,FRS
13059,756,داریان,17,داریان,فارس,FRS
13060,758,دژکرد,17,دژکرد,فارس,FRS
13061,761,دهرم,17,جهرم,فارس,FRS
13062,761,دهرم,17,دهرم,فارس,FRS
13063,763,رونیز,17,رونیز,فارس,FRS
13064,764,زاهدشهر,17,زاهدشهر,فارس,FRS
13065,765,زرقان,17,زرقان,فارس,FRS
13066,766,سده,17,سده,فارس,FRS
13067,767,سعادت شهر,17,سعادت شهر ـ پاسارگاد,فارس,FRS
13068,768,سورمق,17,سورمق,فارس,FRS
13069,769,سیدان,17,سیدان,فارس,FRS
13070,770,ششده,17,ششده,فارس,FRS
13071,773,صغاد,17,صغاد,فارس,FRS
13072,774,صفاشهر,17,صفاشهر ـ خرم بید,فارس,FRS
13073,775,علامرودشت,17,علاءمرودشت,فارس,FRS
13074,777,فدامی,17,فدامی,فارس,FRS
13075,778,قادرآباد,17,قادرآباد,فارس,FRS
13076,779,قائمیه,17,قائمیه,فارس,FRS
13077,780,قطب آباد,17,قطب آباد,فارس,FRS
13078,781,قطرویه,17,قطرویه,فارس,FRS
13079,782,قیر,17,قیر,فارس,FRS
13080,784,کامفیروز,17,کام فیروز,فارس,FRS
13081,786,کنارتخته,17,کنارتخته,فارس,FRS
13082,787,کوهنجان,17,کوهنجان,فارس,FRS
13083,789,لار,17,لار ـ لارستان,فارس,FRS
13084,790,لپوئی,17,لپوئی,فارس,FRS
13085,791,لطیفی,17,لطیفی,فارس,FRS
13086,792,مبارک آباد,17,مبارک آباد,فارس,FRS
13087,793,مشکان,17,مشکان,فارس,FRS
13088,794,مصیری,17,مصیری ـ رستم,فارس,FRS
13089,795,میمند,17,میمند,فارس,FRS
13090,796,نوبندگان,17,نوبندگان,فارس,FRS
13091,798,نودان,17,نودان,فارس,FRS
13092,799,نورآباد,17,نورآباد ـ ممسنی,فارس,FRS
13093,800,وراوی,17,وراوی,فارس,FRS
13389,3574,بابامنیر,17,بابامیر,فارس,FRS
13390,3575,خانیمن,17,خانیمن,فارس,FRS
13391,3581,مزایجان,17,هرایجان,فارس,FRS
14060,5092,بندامیر,17,بندامیر,فارس,FRS
14061,5650,خیرابادتوللی,17,خیرآبادتوللی,فارس,FRS
14062,7663,کم جان,17,کمجان,فارس,FRS
14063,9439,شوریجه,17,شورجه,فارس,FRS
14064,3863,مهارلو,17,مهارلونو,فارس,FRS
14065,8161,تفیهان,17,تفیهان,فارس,FRS
14066,4978,طسوج,17,طسوج,فارس,FRS
14067,1538,اکبراباد,17,اکبرآباد,فارس,FRS
14068,9674,مظفری,17,مظفری,فارس,FRS
14069,4020,کوشک بیدک,17,کوشک بیدک,فارس,FRS
14070,8977,ده شیب,17,دهشیب,فارس,FRS
14071,8717,موردراز,17,موردراز,فارس,FRS
14072,1392,کلاتون,17,کلاتون,فارس,FRS
14073,2262,کلانی,17,کلانی,فارس,FRS
14074,9070,مهبودی علیا,17,مهبودی علیا,فارس,FRS
14075,8141,کنار تخته,17,کنارتخته,فارس,FRS
14076,8521,مهرنجان,17,مهرنجان,فارس,FRS
14077,7081,جره,17,جره,فارس,FRS
14078,7574,گویم,17,گویم,فارس,FRS
14079,5814,اهنگری,17,آهنگری,فارس,FRS
14080,1358,پرین,17,پیرین,فارس,FRS
14081,2524,حسین ابادرستم,17,حسین آبادرستم,فارس,FRS
14082,5032,بهرغان,17,بهرغان,فارس,FRS
14083,6361,کمهر,17,کمهر,فارس,FRS
14084,6361,کمهر,17,مهر,فارس,FRS
14085,1883,راشک علیا,17,راشک علیا,فارس,FRS
14086,7181,هرایجان,17,هرایجان,فارس,FRS
14087,6176,بانش,17,بانش,فارس,FRS
14088,6469,خنجشت,17,خنجشت,فارس,FRS
14089,921,امامزاده اسماعیل,17,امامزاده اسماعیل,فارس,FRS
14090,7515,اسپاس,17,آس پاس,فارس,FRS
14091,8582,شهرمیان,17,شهرمیان,فارس,FRS
14092,3641,بندبست,17,بندبست,فارس,FRS
14093,6016,فیشور,17,فیشور,فارس,FRS
14094,2937,کهنه,17,کهنه,فارس,FRS
14095,4827,بنوان,17,بنوان,فارس,FRS
14096,3261,درب قلعه,17,درب قلعه,فارس,FRS
14097,6004,دنیان,17,دنیان,فارس,FRS
14098,2863,سروو,17,سروو,فارس,FRS
14099,3285,مانیان,17,مانیان,فارس,FRS
14100,2862,به جان,17,بهجان,فارس,FRS
14101,3096,کوشک قاضی,17,کوشک قاضی,فارس,FRS
14102,1749,قاسم ابادسفلی,17,قاسم آباد سفلی,فارس,FRS
14103,9703,صحرارود,17,صحرارود,فارس,FRS
14104,2983,بایگان,17,بایگان,فارس,FRS
14105,7547,ماه سالاری,17,ماهسالاری,فارس,FRS
14106,7137,رستاق,17,رستاق,فارس,FRS
14107,6036,چمن مروارید,17,چمن مروارید,فارس,FRS
14108,8944,لای حنا,17,لای حنا,فارس,FRS
14109,174,قطاربنه,17,قطاربنه,فارس,FRS
14110,8917,هرگان,17,هرگان,فارس,FRS
12657,2602,تاکستان,18,تاکستان,قزوین,GZN
12658,2603,قزوین,18,قزوین,قزوین,GZN
12659,2604,آبیک,18,آبیک,قزوین,GZN
12660,2606,آوج,18,َآوج,قزوین,GZN
13094,2607,ارداق,18,ارداق,قزوین,GZN
13095,2608,اسفرورین,18,اسفرورین,قزوین,GZN
13096,2609,اقبالیه,18,اقبالیه,قزوین,GZN
13097,2610,الوند,18,الوند ـ البرز,قزوین,GZN
13098,2611,آبگرم,18,آبگرم,قزوین,GZN
13099,2612,بوئین زهرا,18,بوئین زهرا,قزوین,GZN
13100,2613,بیدستان,18,بیدستان,قزوین,GZN
13101,2614,خاکعلی,18,خاکعلی,قزوین,GZN
13102,2615,خرمدشت,18,خرم دشت,قزوین,GZN
13103,2616,دانسفهان,18,دانسفهان,قزوین,GZN
13104,2617,رازمیان,18,رازمیان,قزوین,GZN
13105,2618,سگزآباد,18,سگزآباد,قزوین,GZN
13106,2619,سیردان,18,سیردان,قزوین,GZN
13107,2620,شال,18,شال,قزوین,GZN
13108,2622,ضیاءآباد,18,ضیاآباد,قزوین,GZN
13109,2623,کوهین,18,کوهین,قزوین,GZN
13110,2624,محمدیه,18,محمدیه,قزوین,GZN
13111,2625,محمودآبادنمونه,18,محمود آباد نمونه,قزوین,GZN
13112,2626,معلم کلایه,18,معلم کلایه,قزوین,GZN
13113,2627,نرجه,18,نرجه,قزوین,GZN
13461,4861,الولک,18,الولک,قزوین,GZN
13462,4739,کاکوهستان,18,کاکوهستان,قزوین,GZN
13463,4027,فلار,18,فلار,قزوین,GZN
13464,8368,زوارک,18,زوارک,قزوین,GZN
13465,7904,صمغ اباد,18,صمغ آباد,قزوین,GZN
13466,7846,رشتقون,18,رشتقون,قزوین,GZN
13467,2748,قشلاق,18,قشلاق,قزوین,GZN
13468,9520,سگز آباد,18,سگزآباد,قزوین,GZN
13469,4374,عصمت اباد,18,عصمت آباد,قزوین,GZN
13470,7903,خرم اباد,18,خرم آباد,قزوین,GZN
13471,8856,کلنجین,18,گلنجین,قزوین,GZN
13472,4081,نیارج,18,نیارج,قزوین,GZN
13473,4783,حصارولیعصر,18,حصارولیعصر,قزوین,GZN
13474,7712,ماهین,18,ماهین,قزوین,GZN
13475,4017,سیاهپوش,18,سیاهپوش,قزوین,GZN
13476,8771,نیارک,18,نیارک,قزوین,GZN
13477,7453,اقابابا,18,آقابابا,قزوین,GZN
13478,9177,نیکویه,18,نیکویه,قزوین,GZN
12656,2501,قم,19,قم,قم,QHM
13114,2503,دستجرد,19,دستجرد,قم,QHM
13115,2504,سلفچگان,19,سلفچگان,قم,QHM
13116,2505,قنوات,19,قنوات,قم,QHM
13117,2506,کهک,19,کهک,قم,QHM
13533,9638,قمرود,19,قمرود,قم,QHM
13534,4812,قلعه چم,19,قلعه چم,قم,QHM
13535,8239,قاهان,19,قاهان,قم,QHM
13536,5461,جنداب,19,جنداب,قم,QHM
12399,401,ارومیه,2,ارومیه,آذربایجان غربی,WAZ
12400,402,پیرانشهر,2,پیرانشهر,آذربایجان غربی,WAZ
12401,403,خوی,2,خوی,آذربایجان غربی,WAZ
12402,404,سردشت,2,سردشت,آذربایجان غربی,WAZ
12403,405,سلماس,2,سلماش,آذربایجان غربی,WAZ
12404,405,سلماس,2,سلماس,آذربایجان غربی,WAZ
12405,407,مهاباد,2,مهاباد,آذربایجان غربی,WAZ
12406,406,ماکو,2,ماکو,آذربایجان غربی,WAZ
12407,408,میاندوآب,2,میاندوآب,آذربایجان غربی,WAZ
12408,410,بوکان,2,بوکان,آذربایجان غربی,WAZ
12409,409,نقده,2,نقده,آذربایجان غربی,WAZ
12410,411,شاهین دژ,2,شاهین دژ,آذربایجان غربی,WAZ
12411,412,تکاب,2,تکاب,آذربایجان غربی,WAZ
12412,413,اشنویه,2,اشنویه,آذربایجان غربی,WAZ
12413,415,پلدشت,2,پلدشت,آذربایجان غربی,WAZ
12414,417,شوط,2,شوط,آذربایجان غربی,WAZ
12826,419,باروق,2,باروق,آذربایجان غربی,WAZ
12827,420,بازرگان,2,بازرگان,آذربایجان غربی,WAZ
12828,421,تازه شهر,2,تازه شهر,آذربایجان غربی,WAZ
12829,424,دیزج دیز,2,دیزجدیز,آذربایجان غربی,WAZ
12830,425,ربط,2,ربط,آذربایجان غربی,WAZ
12831,426,سرو,2,سرو,آذربایجان غربی,WAZ
12832,427,سیلوانه,2,سیلوانا,آذربایجان غربی,WAZ
12833,428,سیمینه,2,سیمینه,آذربایجان غربی,WAZ
12834,429,سیه چشمه,2,سیه چشمه ـ چالدران,آذربایجان غربی,WAZ
12835,430,فیرورق,2,فیرورق,آذربایجان غربی,WAZ
12836,431,قره ضیاءالدین,2,قره ضیاء الدین ـ چایپاره,آذربایجان غربی,WAZ
12837,432,قطور,2,قطور,آذربایجان غربی,WAZ
12838,433,قوشچی,2,قوشچی,آذربایجان غربی,WAZ
12839,435,گردکشانه,2,گردکشانه,آذربایجان غربی,WAZ
12840,436,محمدیار,2,محمد یار,آذربایجان غربی,WAZ
12841,437,محمودآباد,2,محمودآباد,آذربایجان غربی,WAZ
12842,439,میرآباد,2,میرآباد,آذربایجان غربی,WAZ
12843,440,نالوس,2,نالوس,آذربایجان غربی,WAZ
13366,3506,نازک علیا,2,نازک علیا,آذربایجان غربی,WAZ
13418,4487,جلدیان,2,جلدیان,آذربایجان غربی,WAZ
13419,9111,شاهیندژ,2,شاهین دژ,آذربایجان غربی,WAZ
13828,7254,باراندوز,2,باراندوز,آذربایجان غربی,WAZ
13829,1484,دیزج دول,2,دیزج دول,آذربایجان غربی,WAZ
13830,4236,میاوق,2,میاوق,آذربایجان غربی,WAZ
13831,7896,ایبلو,2,ایبلو,آذربایجان غربی,WAZ
13832,9928,طلاتپه,2,طلا تپه,آذربایجان غربی,WAZ
13833,2564,راژان,2,راژان,آذربایجان غربی,WAZ
13834,8411,هاشم اباد,2,هاشم آباد,آذربایجان غربی,WAZ
13835,3861,زیوه,2,زیوه,آذربایجان غربی,WAZ
13836,7928,موانا,2,موانا,آذربایجان غربی,WAZ
13837,9653,قره باغ,2,قره باغ,آذربایجان غربی,WAZ
13838,1889,بهله,2,بهله,آذربایجان غربی,WAZ
13839,7370,امام کندی,2,امامکندی,آذربایجان غربی,WAZ
13840,4352,نازلو,2,نازلو,آذربایجان غربی,WAZ
13841,2470,کانسپی,2,کانسپی,آذربایجان غربی,WAZ
13842,2546,ممکان,2,ممکان,آذربایجان غربی,WAZ
13843,5919,حسنلو,2,حسنلو,آذربایجان غربی,WAZ
13844,9495,کهریزعجم,2,کهریز عجم,آذربایجان غربی,WAZ
13845,9605,شیخ احمد,2,شیخ احمد,آذربایجان غربی,WAZ
13846,557,بیگم قلعه,2,بیگی مقلعه,آذربایجان غربی,WAZ
13847,6265,راهدانه,2,راهدانه,آذربایجان غربی,WAZ
13848,7000,شاهوانه,2,شاهوانه,آذربایجان غربی,WAZ
13849,2169,ده شمس بزرگ,2,ده شمس بزرگ,آذربایجان غربی,WAZ
13850,4624,گلاز,2,گلاز,آذربایجان غربی,WAZ
13851,9139,لولکان,2,لولکان,آذربایجان غربی,WAZ
13852,478,سیاوان,2,سیاوان,آذربایجان غربی,WAZ
13853,7723,کله کین,2,کلهکین,آذربایجان غربی,WAZ
13854,9532,شین اباد,2,شین آباد,آذربایجان غربی,WAZ
13855,4130,چیانه,2,چیانه,آذربایجان غربی,WAZ
13856,4548,بیکوس,2,بیکوس,آذربایجان غربی,WAZ
13857,4384,هنگ اباد,2,هنگاباد,آذربایجان غربی,WAZ
13858,3226,پسوه,2,پسوه,آذربایجان غربی,WAZ
13859,3855,ریگ اباد,2,ریگ آباد,آذربایجان غربی,WAZ
13860,4713,احمدغریب,2,احمد غریب,آذربایجان غربی,WAZ
13861,4750,سیه باز,2,سیهباز,آذربایجان غربی,WAZ
13862,5471,بیله وار,2,بیله وار,آذربایجان غربی,WAZ
13863,2649,ولدیان,2,ولدیان,آذربایجان غربی,WAZ
13864,1389,قوروق,2,قوروق,آذربایجان غربی,WAZ
13865,1332,هندوان,2,هندوان,آذربایجان غربی,WAZ
13866,8111,بدلان,2,بدلان,آذربایجان غربی,WAZ
13867,4990,بلسورسفلی,2,بلسورسفلی,آذربایجان غربی,WAZ
13868,2541,استران,2,استران,آذربایجان غربی,WAZ
13869,2670,شیرین بلاغ,2,شیرین بلاغی,آذربایجان غربی,WAZ
13870,4492,مراکان,2,مراکان,آذربایجان غربی,WAZ
13871,8512,چورس,2,چورس,آذربایجان غربی,WAZ
13872,9971,قورول علیا,2,قورول علیا,آذربایجان غربی,WAZ
13873,6680,قره تپه,2,قرهتپه,آذربایجان غربی,WAZ
13874,5460,ریحانلوی علیا,2,ریحانلوی علیا,آذربایجان غربی,WAZ
13875,6479,زاویه سفلی,2,زاویه سفلی,آذربایجان غربی,WAZ
13876,6762,یولاگلدی,2,یولاگلدی,آذربایجان غربی,WAZ
13877,4603,قرنقو,2,قرنقو,آذربایجان غربی,WAZ
13878,8690,حسن کندی,2,حسنکندی,آذربایجان غربی,WAZ
13879,9587,وردان,2,وردان,آذربایجان غربی,WAZ
13880,4961,قره قشلاق,2,قرهقشلاق,آذربایجان غربی,WAZ
13881,2648,تمر,2,تمر,آذربایجان غربی,WAZ
13882,3676,سرنق,2,سرنق,آذربایجان غربی,WAZ
13883,2519,چهریق علیا,2,چهریق علیا,آذربایجان غربی,WAZ
13884,8698,دلزی,2,دلزی,آذربایجان غربی,WAZ
13885,5156,اغ برزه,2,اغ برزه,آذربایجان غربی,WAZ
13886,9764,سنجی,2,سنجی,آذربایجان غربی,WAZ
13887,5797,خاتون باغ,2,خاتون باغ,آذربایجان غربی,WAZ
13888,6733,حاجی حسن,2,حاجی حسن,آذربایجان غربی,WAZ
13889,9453,سوگلی تپه,2,سوگلی تپه,آذربایجان غربی,WAZ
13890,9155,گلیجه,2,کلیجه,آذربایجان غربی,WAZ
13891,2892,حاجی کند,2,حاجیکند,آذربایجان غربی,WAZ
13892,2954,باغچه,2,باغچه,آذربایجان غربی,WAZ
13893,2642,کاولان علیا,2,کاولان علیا,آذربایجان غربی,WAZ
13894,6751,سیاقول علیا,2,سیاقول علیا,آذربایجان غربی,WAZ
13895,3927,اگریقاش,2,اگریقاش,آذربایجان غربی,WAZ
13896,7810,اوزون دره علیا,2,اوزوندره علیا,آذربایجان غربی,WAZ
13897,7757,یکشوه,2,یکشوه,آذربایجان غربی,WAZ
13898,8461,جوانمرد,2,جوانمرد,آذربایجان غربی,WAZ
13899,8187,رحیم خان,2,رحیمخان,آذربایجان غربی,WAZ
13900,3056,گل تپه قورمیش,2,گلتپه قورمیش,آذربایجان غربی,WAZ
13901,2854,شلماش,2,سلماش,آذربایجان غربی,WAZ
13902,7108,بیوران سفلی,2,بیوران سفلی,آذربایجان غربی,WAZ
13903,598,زمزیران,2,زمزیران,آذربایجان غربی,WAZ
13904,9746,ملاشهاب الدین,2,ملا شهاب الدین,آذربایجان غربی,WAZ
13905,7355,للکلو,2,للکلو,آذربایجان غربی,WAZ
13906,2468,بگتاش,2,بکتاش,آذربایجان غربی,WAZ
13907,3751,گوگ تپه خالصه,2,گوگ تپه خالصه,آذربایجان غربی,WAZ
13908,4120,تک اغاج,2,تک آغاج,آذربایجان غربی,WAZ
13909,7419,هاچاسو,2,هاچاسو,آذربایجان غربی,WAZ
13910,7301,هولاسو,2,هولاسو,آذربایجان غربی,WAZ
13911,4518,قوزلوی افشار,2,قوزلوی افشار,آذربایجان غربی,WAZ
13912,7322,الی چین,2,الیچین,آذربایجان غربی,WAZ
13913,5602,حیدرباغی,2,حیدرباغی,آذربایجان غربی,WAZ
13914,6251,حمزه قاسم,2,حمزه قاسم,آذربایجان غربی,WAZ
13915,5281,اوغول بیگ,2,اوغولبیگ,آذربایجان غربی,WAZ
13916,4975,دورباش,2,دورباش,آذربایجان غربی,WAZ
13917,5201,اقابیگ,2,اقابیگ,آذربایجان غربی,WAZ
13918,9239,احمدابادسفلی,2,احمدآبادسفلی,آذربایجان غربی,WAZ
12553,1201,بانه,20,بانه,کردستان,KRD
12554,1203,سقز,20,سقز,کردستان,KRD
12555,1202,بیجار,20,بیجار,کردستان,KRD
12556,1204,سنندج,20,سنندج,کردستان,KRD
12557,1205,قروه,20,قروه,کردستان,KRD
12558,1206,مریوان,20,مریوان,کردستان,KRD
12559,1207,دیواندره,20,دیواندره,کردستان,KRD
12560,1208,کامیاران,20,کامیاران,کردستان,KRD
12561,1209,سروآباد,20,خسروآباد,کردستان,KRD
12562,1209,سروآباد,20,سروآباد,کردستان,KRD
12563,1210,دهگلان,20,دهگلان,کردستان,KRD
13118,1211,آرمرده,20,َآرمرده,کردستان,KRD
13119,1212,بابارشانی,20,باباشارنی,کردستان,KRD
13120,1213,بلبان آباد,20,بلبان آباد,کردستان,KRD
13121,1214,بوئین سفلی,20,بوئین سفلی,کردستان,KRD
13122,1215,چناره,20,چناره,کردستان,KRD
13123,1216,دزج,20,دزج,کردستان,KRD
13124,1217,دلبران,20,دلبران,کردستان,KRD
13125,1218,زرینه,20,زرینه,کردستان,KRD
13126,1219,سریش آباد,20,سریش آباد,کردستان,KRD
13127,1220,شویشه,20,شویشه,کردستان,KRD
13128,1221,صاحب,20,صاحب,کردستان,KRD
13129,1223,کانی سور,20,کانی سور,کردستان,KRD
13130,1224,موچش,20,موچش,کردستان,KRD
13131,1225,یاسوکند,20,یاسوکند,کردستان,KRD
13392,3583,اورامان تخت,20,اورامانتخت,کردستان,KRD
13393,3584,برده رشه,20,بردهرشه,کردستان,KRD
13394,3586,توپ اغاج,20,توپاغاج,کردستان,KRD
13978,3828,شاهینی,20,شاهین,کردستان,KRD
13979,7936,طای,20,طای,کردستان,KRD
13980,217,گازرخانی,20,گازرخانی,کردستان,KRD
13981,5973,نشورسفلی,20,نشورسفلی,کردستان,KRD
13982,8154,شیروانه,20,شیروانه,کردستان,KRD
13983,187,خامسان,20,خامسان,کردستان,KRD
13984,6148,کوله,20,کوله,کردستان,KRD
13985,5210,هزارکانیان,20,هزارکانیان,کردستان,KRD
13986,479,گورباباعلی,20,گورباباعلی,کردستان,KRD
13987,3114,گاوشله,20,گاوشله,کردستان,KRD
13988,6820,کانی گنجی,20,کانی گنجی,کردستان,KRD
13989,2728,نی,20,نی,کردستان,KRD
13990,5593,پیرخضران,20,پیرخفران,کردستان,KRD
13991,285,بیساران,20,بیساران,کردستان,KRD
13992,5799,سرا,20,سرا,کردستان,KRD
13993,8354,تیلکو,20,تیلکو,کردستان,KRD
13994,5838,کسنزان,20,کسنزان,کردستان,KRD
13995,8020,میرده,20,میرهده,کردستان,KRD
13996,3089,ننور,20,ننور,کردستان,KRD
13997,6934,بوالحسن,20,بوالحسن,کردستان,KRD
13998,8876,کوخان,20,کوخان,کردستان,KRD
13999,2197,شوی,20,شوی,کردستان,KRD
12475,801,بافت,21,بافت,کرمان,KRN
12476,802,بم,21,بم,کرمان,KRN
12477,803,جیرفت,21,جیرفت,کرمان,KRN
12478,804,رفسنجان,21,رفسنجان,کرمان,KRN
12479,805,زرند,21,زرند,کرمان,KRN
12480,806,سیرجان,21,سیرجان,کرمان,KRN
12481,807,شهربابک,21,شهربابک,کرمان,KRN
12482,808,کرمان,21,کرمان,کرمان,KRN
12483,809,کهنوج,21,کهنوج,کرمان,KRN
12484,810,بردسیر,21,بردسیر,کرمان,KRN
12485,811,راور,21,راور,کرمان,KRN
12486,812,عنبرآباد,21,عنبرآباد,کرمان,KRN
12487,813,منوجان,21,منوجان,کرمان,KRN
12488,814,کوهبنان,21,کوهبنان,کرمان,KRN
12489,816,قلعه گنج,21,قلعه گنج,کرمان,KRN
12490,818,رابر,21,رابر,کرمان,KRN
12491,819,فهرج,21,فهرج,کرمان,KRN
12492,820,انار,21,انار,کرمان,KRN
12493,821,نرماشیر,21,نرماشیر,کرمان,KRN
12494,822,فاریاب,21,فاریاب,کرمان,KRN
12495,823,ارزوییه,21,ارزوئیه,کرمان,KRN
13132,824,اختیارآباد,21,اختیارآباد,کرمان,KRN
13133,827,اندوهجرد,21,اندوهجرد,کرمان,KRN
13134,828,باغین,21,باغین,کرمان,KRN
13135,829,بروات,21,بروات,کرمان,KRN
13136,830,بزنجان,21,بزنجان,کرمان,KRN
13137,831,بهرمان,21,بهرمان,کرمان,KRN
13138,831,بهرمان,21,بهرآسمان,کرمان,KRN
13139,832,پاریز,21,پاریز,کرمان,KRN
13140,833,جبالبارز,21,جبالبارز,کرمان,KRN
13141,834,جوپار,21,جوپار,کرمان,KRN
13142,835,جوزم,21,جوزم,کرمان,KRN
13143,836,چترود,21,چترود,کرمان,KRN
13144,838,خانوک,21,خانوک,کرمان,KRN
13145,839,خورسند,21,خورند,کرمان,KRN
13146,839,خورسند,21,خورسند,کرمان,KRN
13147,840,درب بهشت,21,درب بهشت,کرمان,KRN
13148,841,دوساری,21,دوساری,کرمان,KRN
13149,842,دهج,21,دهج,کرمان,KRN
13150,843,راین,21,راین,کرمان,KRN
13151,844,رودبار,21,رودبار,کرمان,KRN
13152,846,زنگی آباد,21,زنگی آباد,کرمان,KRN
13153,847,زیدآباد,21,زیدآباد,کرمان,KRN
13154,847,زیدآباد,21,حیدرآباد,کرمان,KRN
13155,847,زیدآباد,21,خیرآباد,کرمان,KRN
13156,848,سرچشمه,21,سرچشمه,کرمان,KRN
13157,849,شهداد,21,شهداد,کرمان,KRN
13158,851,کاظم آباد,21,کاظم آباد,کرمان,KRN
13159,852,کشکوئیه,21,کشکوئیه,کرمان,KRN
13160,853,کیانشهر,21,کیان شهر,کرمان,KRN
13161,854,گلباف,21,گلباف,کرمان,KRN
13162,855,گلزار,21,گلزار,کرمان,KRN
13163,856,لاله زار,21,لاله زار,کرمان,KRN
13164,857,ماهان,21,ماهان,کرمان,KRN
13165,858,محمد آباد ,21,محمدآباد ـ ریگان,کرمان,KRN
13166,859,محی آباد,21,محی آباد,کرمان,KRN
13167,860,مردهک,21,مردهک,کرمان,KRN
13168,861,نجف شهر,21,نجف شهر,کرمان,KRN
13169,862,نظام شهر,21,نظام شهر,کرمان,KRN
13170,863,نگار,21,نگار,کرمان,KRN
13171,864,نودژ,21,نودژ,کرمان,KRN
13172,865,هجدک,21,هجدک,کرمان,KRN
13173,867,یزدان شهر,21,یزدانشهر,کرمان,KRN
13395,3587,بلوک,21,بلوک,کرمان,KRN
13396,3588,بلورد,21,بلورد,کرمان,KRN
14123,6299,ده بالا,21,ده بالا,کرمان,KRN
14124,1631,جوشان,21,جوشان,کرمان,KRN
14125,1293,کشیت,21,کشیت,کرمان,KRN
14126,4770,دریجان,21,دریجان,کرمان,KRN
14127,5370,برج معاز,21,برج معاذ,کرمان,KRN
14128,3499,خانه خاتون,21,خانه خاتون,کرمان,KRN
14129,1295,ابارق,21,ابارق,کرمان,KRN
14130,9907,گروه,21,گروه,کرمان,KRN
14131,82,گزک,21,گزک,کرمان,KRN
14132,7232,تهرود,21,تهرود,کرمان,KRN
14133,9535,داوران,21,داوران,کرمان,KRN
14134,4775,خنامان,21,خنامان,کرمان,KRN
14135,5853,کبوترخان,21,کبوترخان,کرمان,KRN
14136,9817,هرمزاباد,21,هرمزآباد,کرمان,KRN
14137,8301,خبر,21,خبر,کرمان,KRN
14138,7188,دشت خاک,21,دشتخاک,کرمان,KRN
14139,8015,حتکن,21,حتکن,کرمان,KRN
14140,9227,ریحان,21,ریحان,کرمان,KRN
14141,7285,جرجافک,21,جرجافک,کرمان,KRN
14142,5712,شعبجره,21,شعبجره,کرمان,KRN
14143,6470,سیریز,21,سریز,کرمان,KRN
14144,7948,جور,21,جور,کرمان,KRN
14145,8614,هوتک,21,هوتک,کرمان,KRN
14146,2526,حرجند,21,حرجند,کرمان,KRN
14147,8149,عماداباد,21,عمادآباد,کرمان,KRN
14148,3989,قلعه عسکر,21,قلعه عسگر,کرمان,KRN
14149,4112,کمال اباد,21,کمال آباد,کرمان,KRN
14150,6898,امیراباد,21,میرآباد,کرمان,KRN
14151,6898,امیراباد,21,امیرآباد,کرمان,KRN
14152,7947,ارزوئیه,21,ارزوئیه,کرمان,KRN
14153,7227,میجان علیا,21,هیحان علیا,کرمان,KRN
14154,7929,حسین ابادجدید,21,حسین آبادجدید,کرمان,KRN
14155,6384,سرخ قلعه,21,سرخ قلعه,کرمان,KRN
12415,501,اسلام آبادغرب,22,اسلام آباد غرب,کرمانشاه,KRH
12416,502,کرمانشاه,22,کرمانشاه,کرمانشاه,KRH
12417,503,پاوه,22,پاوه,کرمانشاه,KRH
12418,504,سرپل ذهاب,22,سرپل ذهاب,کرمانشاه,KRH
12419,505,سنقر,22,سنقر,کرمانشاه,KRH
12420,506,قصرشیرین,22,قصرشیرین,کرمانشاه,KRH
12421,507,کنگاور,22,کنگاور,کرمانشاه,KRH
12422,508,گیلانغرب,22,گیلانغرب,کرمانشاه,KRH
12423,509,جوانرود,22,جوانرود,کرمانشاه,KRH
12424,510,صحنه,22,صحنه,کرمانشاه,KRH
12425,511,هرسین,22,هرسین,کرمانشاه,KRH
12426,514,روانسر,22,روانسر,کرمانشاه,KRH
13174,515,ازگله,22,ازگله,کرمانشاه,KRH
13175,516,باینگان,22,باینگان,کرمانشاه,KRH
13176,517,بیستون,22,بیستون,کرمانشاه,KRH
13177,518,تازه آباد,22,تازه آباد ـ ثلاث باباجانی,کرمانشاه,KRH
13178,519,حمیل,22,حمیل,کرمانشاه,KRH
13179,520,رباط,22,رباط,کرمانشاه,KRH
13180,522,سطر,22,سطر,کرمانشاه,KRH
13181,523,سومار,22,سومار,کرمانشاه,KRH
13182,525,کرندغرب,22,کرندغرب ـ دالاهو,کرمانشاه,KRH
13183,526,کوزران,22,کوزران,کرمانشاه,KRH
13184,527,گهواره,22,گهواره,کرمانشاه,KRH
13185,529,نودشه,22,نودشه,کرمانشاه,KRH
13186,530,نوسود,22,نوسود,کرمانشاه,KRH
13187,531,هلشی,22,هلشی,کرمانشاه,KRH
13362,532,خسروی,22,خسروی,کرمانشاه,KRH
13397,3594,ریجاب,22,ریجاب,کرمانشاه,KRH
14000,2282,هفت اشیان,22,هفت اشیان,کرمانشاه,KRH
14001,6777,دوردشت,22,دوردشت,کرمانشاه,KRH
14002,8426,سنقراباد,22,سنقرآباد,کرمانشاه,KRH
14003,2471,مرزبانی,22,مرزبانی,کرمانشاه,KRH
14004,3802,فش,22,فش,کرمانشاه,KRH
14005,7369,فرامان,22,فرامان,کرمانشاه,KRH
14006,8942,قزوینه,22,قزوینه,کرمانشاه,KRH
14007,8200,دهلقین,22,دهلقین,کرمانشاه,KRH
14008,8449,درکه,22,درکه,کرمانشاه,KRH
14009,6849,باوله,22,باوله,کرمانشاه,KRH
14010,6692,گردکانه علیا,22,گردکانه علیا,کرمانشاه,KRH
14011,3998,اگاه علیا,22,اگاه علیا,کرمانشاه,KRH
14012,1196,کیوه نان,22,کیونان,کرمانشاه,KRH
14013,7019,کرکسار,22,کرگسار,کرمانشاه,KRH
14014,5696,کندوله,22,کندوله,کرمانشاه,KRH
14015,3185,زاوله علیا,22,زاوله علیا,کرمانشاه,KRH
14016,3980,قلعه شیان,22,قلعه شیان,کرمانشاه,KRH
14017,7742,سراب ذهاب,22,سراب ذهاب,کرمانشاه,KRH
14018,2264,ترک ویس,22,ترک ویس,کرمانشاه,KRH
14019,4578,نساردیره,22,نسار دیره,کرمانشاه,KRH
14020,2242,تپه رش,22,تپهرش,کرمانشاه,KRH
14021,6279,قیلان,22,قیلان,کرمانشاه,KRH
12595,1706,چرام,23,چرام,کهگیلوییه و بویراحمد,KBD
12596,1707,باشت,23,باشت,کهگیلوییه و بویراحمد,KBD
12597,1708,لنده,23,لنده,کهگیلوییه و بویراحمد,KBD
12682,1700,یاسوج,23,یاسوج,کهگیلوییه و بویراحمد,KBD
13188,1711,دوگنبدان,23,دوگنبد,کهگیلوییه و بویراحمد,KBD
13189,1712,دهدشت,23,دهدشت,کهگیلوییه و بویراحمد,KBD
13190,1713,دیشموک,23,دیشموک,کهگیلوییه و بویراحمد,KBD
13191,1714,سوق,23,سوق,کهگیلوییه و بویراحمد,KBD
13192,1715,سی سخت,23,سیسخت,کهگیلوییه و بویراحمد,KBD
13193,1716,قلعه رئیسی,23,قلعه رئیسی,کهگیلوییه و بویراحمد,KBD
13194,1717,گراب سفلی,23,گراب سفلی,کهگیلوییه و بویراحمد,KBD
13195,1718,لیکک,23,لیکک,کهگیلوییه و بویراحمد,KBD
13196,1719,مادوان,23,مادوان,کهگیلوییه و بویراحمد,KBD
13197,1720,مارگون,23,مارگون,کهگیلوییه و بویراحمد,KBD
14116,5475,قلعه رییسی,23,قلعه رئیسی,کهگیلوییه و بویراحمد,KBD
14117,9318,قلعه دختر,23,قلعه دختر,کهگیلوییه و بویراحمد,KBD
14118,1796,باباکلان,23,باباکلان,کهگیلوییه و بویراحمد,KBD
14119,7360,مظفراباد,23,مظفرآباد,کهگیلوییه و بویراحمد,KBD
14120,9618,دیل,23,دیل,کهگیلوییه و بویراحمد,KBD
14121,9989,شاه بهرام,23,شاه بهرام,کهگیلوییه و بویراحمد,KBD
14122,4876,چاه تلخاب علیا,23,چاه تلخاب علیا,کهگیلوییه و بویراحمد,KBD
12661,2701,بندرگز,24,بندر گز,گلستان,GLS
12662,2704,کردکوی,24,کردکوی,گلستان,GLS
12663,2705,گرگان,24,گرگان,گلستان,GLS
12664,2703,علی آباد,24,علی آباد,گلستان,GLS
12665,2709,کلاله,24,کلاله,گلستان,GLS
12666,2710,آزادشهر,24,آزادشهر,گلستان,GLS
12667,2706,گنبدکاوس,24,گنبدکاوس,گلستان,GLS
12668,2707,مینودشت,24,مینودشت,گلستان,GLS
12669,2708,آق قلا,24,آق قلا,گلستان,GLS
12670,2711,رامیان,24,رامیان,گلستان,GLS
12671,2712,مراوه تپه,24,مراوه تپه,گلستان,GLS
12672,2714,گالیکش,24,گالیکش,گلستان,GLS
13198,2715,انبارآلوم,24,انبار آلوم,گلستان,GLS
13199,2716,اینچه برون,24,اینچه برون,گلستان,GLS
13200,2717,جلین,24,جلین,گلستان,GLS
13201,2718,خان ببین,24,خان ببین,گلستان,GLS
13202,2719,دلند,24,دلند,گلستان,GLS
13203,2720,سرخنکلاته,24,سرخن کلاته,گلستان,GLS
13204,2721,سیمین شهر,24,سیمین شهر,گلستان,GLS
13205,2722,فاضل آباد,24,فاضل آباد,گلستان,GLS
13206,2723,گمیش تپه,24,گمیش تپه,گلستان,GLS
13207,2725,نگین شهر,24,نگین شهر,گلستان,GLS
13208,2726,نوده خاندوز,24,نوده خاندوز,گلستان,GLS
13209,2727,نوکنده,24,نوکنده,گلستان,GLS
13412,7862,بندر گز,24,بندر گز,گلستان,GLS
13413,1288,بندرترکمن,24,بندرترکمن,گلستان,GLS
13414,4467,آزاد شهر,24,آزادشهر,گلستان,GLS
13415,8762,گنبد کاووس,24,گنبدکاوس,گلستان,GLS
13731,7396,انبار آلوم,24,انبار آلوم,گلستان,GLS
12345,101,آستارا,25,آستارا,گیلان,GIL
12346,102,آستانه اشرفیه,25,آستانه اشرفیه,گیلان,GIL
12347,103,بندرانزلی,25,بندرانزلی,گیلان,GIL
12348,105,رشت,25,رشت,گیلان,GIL
12349,107,رودسر,25,رودسر,گیلان,GIL
12350,106,رودبار,25,رودبار,گیلان,GIL
12351,111,لاهیجان,25,لاهیجان,گیلان,GIL
12352,112,شفت,25,شفت,گیلان,GIL
12353,108,صومعه سرا,25,صومعه سرا,گیلان,GIL
12354,109,فومن,25,فومن,گیلان,GIL
12355,110,لنگرود,25,لنگرود,گیلان,GIL
12356,113,املش,25,املش,گیلان,GIL
12357,115,سیاهکل,25,سیاهکل,گیلان,GIL
12358,116,ماسال,25,ماسال,گیلان,GIL
13210,117,احمدسرگوراب,25,احمد سرگوراب,گیلان,GIL
13211,118,اسالم,25,اسالم,گیلان,GIL
13212,119,اطاقور,25,اطاقور,گیلان,GIL
13213,121,بره سر,25,برهسر,گیلان,GIL
13214,122,پره سر,25,پرهسر,گیلان,GIL
13215,123,توتکابن,25,توتکابن,گیلان,GIL
13216,124,جیرنده,25,جیرنده,گیلان,GIL
13217,125,چابکسر,25,چابکسر,گیلان,GIL
13218,127,چوبر,25,چوبر,گیلان,GIL
13219,128,حویق,25,حویق,گیلان,GIL
13220,129,خشکبیجار,25,خشک بیجار,گیلان,GIL
13221,130,خمام,25,خمام,گیلان,GIL
13222,131,دیلمان,25,دیلمان,گیلان,GIL
13223,132,رانکوه,25,رانکوه,گیلان,GIL
13224,133,رحیم آباد,25,رحیم آباد,گیلان,GIL
13225,134,رستم آباد,25,رستم آباد,گیلان,GIL
13226,135,رضوانشهر ,25,رضوان شهر,گیلان,GIL
13227,137,رودبنه,25,رودبنه,گیلان,GIL
13228,138,سنگر,25,سنگر,گیلان,GIL
13229,139,شلمان,25,شلمان,گیلان,GIL
13230,140,کلاچای,25,کلاچای,گیلان,GIL
13231,141,کوچصفهان,25,کوچصفهان,گیلان,GIL
13232,142,کومله,25,کومله,گیلان,GIL
13233,143,کیاشهر,25,کیاشهر,گیلان,GIL
13234,144,گوراب زرمیخ,25,گورابزرمیخ,گیلان,GIL
13235,145,لشت نشاء,25,لشت نشا,گیلان,GIL
13236,146,لوشان,25,لوشان,گیلان,GIL
13237,147,لولمان,25,لولمان,گیلان,GIL
13238,148,لوندویل,25,لوندویل,گیلان,GIL
13239,149,لیسار,25,لیسار,گیلان,GIL
13240,150,ماسوله,25,ماسوله,گیلان,GIL
13241,151,مرجقل,25,مرجقل,گیلان,GIL
13242,152,منجیل,25,منجیل,گیلان,GIL
13243,153,واجارگاه,25,واجارگاه,گیلان,GIL
13244,154,هشتپر,25,هشتپر ـ طوالش,گیلان,GIL
13409,1854,ابکنار,25,آبکنار,گیلان,GIL
13591,7937,کپورچال,25,کپورچال,گیلان,GIL
13592,2791,جیرهنده,25,جیرنده,گیلان,GIL
13593,7173,خواچکین,25,خاچکین,گیلان,GIL
13594,8668,بلسبنه,25,بلسبنه,گیلان,GIL
13595,4519,چاپارخانه,25,چاپارخانه,گیلان,GIL
13596,5945,جیرکویه,25,جیرکویه,گیلان,GIL
13597,9235,ملاسرا,25,ملاسرا,گیلان,GIL
13598,4601,احمد سر گوراب,25,احمد سرگوراب,گیلان,GIL
13599,2062,طاهرگوراب,25,طاهر گوداب,گیلان,GIL
13600,9153,ضیابر,25,ضیابر,گیلان,GIL
13601,1983,مرکیه,25,مرکیه,گیلان,GIL
13602,4503,هنده خاله,25,هنده خاله,گیلان,GIL
13603,4249,نوخاله اکبری,25,نوخاله اکبر,گیلان,GIL
13604,5952,شیله وشت,25,شیلهوشت,گیلان,GIL
13605,4887,پلاسی,25,پلاسی,گیلان,GIL
13606,2877,پلنگ پاره,25,پلنک پاره,گیلان,GIL
13607,8768,شیخ محله,25,شیخ محله,گیلان,GIL
13608,6735,ویرمونی,25,ویرمونی,گیلان,GIL
13609,7627,سیبلی,25,سیبلی,گیلان,GIL
13610,5279,مشند,25,شند,گیلان,GIL
13611,9819,کوته کومه,25,کوتهکومه,گیلان,GIL
13612,7880,گرماور,25,گرماور,گیلان,GIL
13613,7196,لیش,25,لیش,گیلان,GIL
13614,3974,بارکوسرا,25,بادکوسرا,گیلان,GIL
13615,3920,شیرین نسا,25,شیرین نسائ,گیلان,GIL
13616,3125,خرارود,25,خرارود,گیلان,GIL
13617,185,لسکوکلایه,25,لسکوکلایه,گیلان,GIL
13618,269,کیسم,25,کیسم,گیلان,GIL
13619,3807,شیرکوه چهارده,25,شیرکوه چهارده,گیلان,GIL
13620,7266,دهشال,25,دهشال,گیلان,GIL
13621,3093,دستک,25,دستک,گیلان,GIL
13622,9734,پرگاپشت مهدی خانی,25,پرگاپشت مهدیقانی,گیلان,GIL
13623,6839,بیورزین,25,بیورزین,گیلان,GIL
13624,4858,ویشان,25,ویشان,گیلان,GIL
13625,7190,کلیشم,25,کلیشم,گیلان,GIL
13626,9462,کلشتر,25,کلشتر,گیلان,GIL
13627,4899,اسکولک,25,اسکلک,گیلان,GIL
13628,9786,کوکنه,25,کوکنه,گیلان,GIL
13629,8322,سلوش,25,سلوش,گیلان,GIL
13630,5784,دیوشل,25,دیوشل,گیلان,GIL
13631,1563,پروش پایین,25,پروش پایین,گیلان,GIL
13632,2295,حسن سرا,25,حسن سرا,گیلان,GIL
13633,7433,طول لات,25,طوللات,گیلان,GIL
13634,8072,جنگ سرا,25,جنگسرا,گیلان,GIL
13635,7958,بلترک,25,بلترک,گیلان,GIL
13636,3821,کجید,25,کجیر,گیلان,GIL
13637,6274,گرمابدشت,25,گرمابدست,گیلان,GIL
13638,6978,پونل,25,پونل,گیلان,GIL
12581,1501,الیگودرز,26,الیگودرز,لرستان,LRS
12582,1502,بروجرد,26,بروجرد,لرستان,LRS
12583,1503,خرم آباد,26,خرم آباد,لرستان,LRS
12584,1505,دورود,26,دورود,لرستان,LRS
12585,1506,کوهدشت,26,کوهدشت,لرستان,LRS
12586,1507,ازنا,26,ازنا,لرستان,LRS
12587,1508,پلدختر,26,پل دختر,لرستان,LRS
13245,1512,اشترینان,26,اشترینان,لرستان,LRS
13246,1513,الشتر,26,الشتر ـ سلسله,لرستان,LRS
13247,1514,چالانچولان,26,چالان چولان,لرستان,LRS
13248,1515,چغلوندی,26,چغلوندی,لرستان,LRS
13249,1516,چقابل,26,چقابل,لرستان,LRS
13250,1517,درب گنبد,26,درب گنبد,لرستان,LRS
13251,1518,زاغه,26,زاغه,لرستان,LRS
13252,1519,سپیددشت,26,سپیددشت,لرستان,LRS
13253,1520,سراب دوره,26,سراب دوره,لرستان,LRS
13254,1521,شول آباد,26,شول آباد,لرستان,LRS
13255,1522,فیروز آباد,26,فیروزآباد,لرستان,LRS
13256,1523,کونانی,26,کونانی,لرستان,LRS
13257,1524,گراب,26,گراب,لرستان,LRS
13258,1525,معمولان,26,معمولان,لرستان,LRS
13259,1526,مؤمن آباد,26,مومن آباد,لرستان,LRS
13260,1527,نور آباد,26,نورآباد ـ دلفان,لرستان,LRS
13261,1529,هفت چشمه,26,هفت چشمه,لرستان,LRS
14022,7143,ماسور,26,ماسور,لرستان,LRS
14023,1772,برخوردار,26,برخوردار,لرستان,LRS
14024,1458,فرهاداباد,26,فرهادآباد,لرستان,LRS
14025,7751,دم باغ,26,دمباغ,لرستان,LRS
14026,5844,کهریزوروشت,26,کهریزوروشت,لرستان,LRS
14027,7247,خوشناموند,26,خوشناموند,لرستان,LRS
14028,4598,اشتره گل گل,26,اشتره گل گل,لرستان,LRS
14029,1850,سوری,26,سوری,لرستان,LRS
14030,2768,واشیان نصیرتپه,26,واشیان نصیرتپه,لرستان,LRS
14031,2293,چمشک زیرتنگ,26,چشمک زیرتنگ,لرستان,LRS
14032,2061,افرینه,26,افرینه,لرستان,LRS
14033,2955,شاهپوراباد,26,شاهپورآباد,لرستان,LRS
14034,5530,چمن سلطان,26,چمن سلطان,لرستان,LRS
14035,5504,کیزاندره,26,کیزاندره,لرستان,LRS
14036,4266,حیه,26,حیه,لرستان,LRS
14037,5719,مرگ سر,26,مرگسر,لرستان,LRS
14038,9208,رازان,26,رازان,لرستان,LRS
14039,4062,سرابدوره,26,سراب دوره,لرستان,LRS
14040,1649,چاه ذوالفقار,26,چاه ذوالفقار,لرستان,LRS
14041,6916,چم پلک,26,چمپلک,لرستان,LRS
14042,8138,ژان,26,ژان,لرستان,LRS
14043,7577,سپید دشت,26,سپیددشت,لرستان,LRS
14044,5319,چم سنگر,26,چمسنگر,لرستان,LRS
14045,7733,ده رحم,26,ده رحیم,لرستان,LRS
14046,1576,بندیزه,26,بندیزه,لرستان,LRS
14047,6943,دره گرگ,26,دره گرگ,لرستان,LRS
12359,201,آمل,27,آمل, مازندران,MZN
12360,202,بابل,27,بابل, مازندران,MZN
12361,204,بهشهر,27,بهشهر, مازندران,MZN
12362,205,تنکابن,27,تنکابن, مازندران,MZN
12363,206,رامسر,27,رامسر, مازندران,MZN
12364,207,ساری,27,ساری, مازندران,MZN
12365,210,قائم شهر,27,قائم شهر, مازندران,MZN
12366,214,نور,27,نور, مازندران,MZN
12367,215,نوشهر,27,نوشهر, مازندران,MZN
12368,218,محمودآباد,27,محمودآباد, مازندران,MZN
12369,216,بابلسر,27,بابلسر, مازندران,MZN
12370,219,نکا,27,نکاء, مازندران,MZN
12371,220,چالوس,27,چالوس, مازندران,MZN
12372,221,جویبار,27,جویبار, مازندران,MZN
12373,228,کلاردشت,27,کلاردشت, مازندران,MZN
12374,222,گلوگاه,27,گلوگاه ـ بابل, مازندران,MZN
12375,222,گلوگاه,27,گلوگاه, مازندران,MZN
12376,223,فریدونکنار,27,فریدون کنار, مازندران,MZN
12377,224,عباس آباد,27,عباس آباد, مازندران,MZN
13262,229,امیرکلا,27,امیرکلا, مازندران,MZN
13263,230,ایزدشهر,27,ایزدشهر, مازندران,MZN
13264,231,آلاشت,27,آلاشت, مازندران,MZN
13265,232,بلده,27,بلده, مازندران,MZN
13266,233,بهنمیر,27,بهنمیر, مازندران,MZN
13267,234,پل سفید,27,پل سفید ـ سوادکوه, مازندران,MZN
13268,236,چمستان,27,چمستان, مازندران,MZN
13269,237,خرم آباد ,27,خرم آباد, مازندران,MZN
13270,238,خلیل شهر,27,خلیل شهر, مازندران,MZN
13271,239,خوش رودپی,27,خوشرودپی, مازندران,MZN
13272,240,دابودشت,27,دابودشت, مازندران,MZN
13273,241,رستمکلا,27,رستم کلا, مازندران,MZN
13274,243,رینه,27,رینه, مازندران,MZN
13275,244,زرگر محله,27,زرگر محله, مازندران,MZN
13276,245,زیرآب,27,زیرآب, مازندران,MZN
13277,246,سرخرود,27,سرخرود, مازندران,MZN
13278,247,سلمان شهر,27,سلمانشهر, مازندران,MZN
13279,248,سورک,27,سورک, مازندران,MZN
13280,249,شیرگاه,27,شیرگاه, مازندران,MZN
13281,250,شیرود,27,شیرود, مازندران,MZN
13282,251,فریم,27,فریم, مازندران,MZN
13283,253,کلارآباد,27,کلارآباد, مازندران,MZN
13284,254,کله بست,27,کله بست, مازندران,MZN
13285,255,کوهی خیل,27,کوهی خیل, مازندران,MZN
13286,256,کیاسر,27,کیاسر, مازندران,MZN
13287,257,کیاکلا,27,کیا کلا, مازندران,MZN
13288,258,گتاب,27,گتاب, مازندران,MZN
13289,259,گزنک,27,گزنک, مازندران,MZN
13290,261,مرزن آباد,27,مرزن آباد, مازندران,MZN
13291,262,مرزیکلا,27,مرزی کلا, مازندران,MZN
13292,263,نشتارود,27,نشتارود, مازندران,MZN
13398,3608,کجور,27,کجور, مازندران,MZN
13399,3610,هچیرود,27,هچیرود, مازندران,MZN
13410,7004,سلمانشهر,27,سلمانشهر, مازندران,MZN
13411,4707,زیر آب,27,زیرآب, مازندران,MZN
13658,7467,معلم کلا,27,معلم کلاء, مازندران,MZN
13659,9560,وسطی کلا,27,وسطی کلاء, مازندران,MZN
13660,9131,سوا,27,سوا, مازندران,MZN
13661,7091,باییجان,27,بایجان, مازندران,MZN
13662,4151,بنفشه ده,27,بنفشه ده, مازندران,MZN
13663,5303,تاکر,27,تاکر, مازندران,MZN
13664,4196,گلندرود,27,گلنده رود, مازندران,MZN
13665,7044,چلندر,27,چلندر, مازندران,MZN
13666,7276,صلاح الدین کلا,27,صلاح الدین کلاء, مازندران,MZN
13667,9136,نارنج بن,27,نارنجبن, مازندران,MZN
13668,4991,لشکنار,27,لشکنار, مازندران,MZN
13669,3844,کردیچال,27,کردیچال, مازندران,MZN
13670,4833,کلنو,27,کلنو, مازندران,MZN
13671,8615,دلیر,27,دلیر, مازندران,MZN
13672,1592,سیاه بیشه,27,سیاه پیشه, مازندران,MZN
13673,8356,سرلنگا,27,سرلنگا, مازندران,MZN
13674,662,کترا,27,کترا, مازندران,MZN
13675,892,گلعلی اباد,27,گلعلی آباد, مازندران,MZN
13676,7976,مران سه هزار,27,مهران سه هزار, مازندران,MZN
13677,9619,قلعه گردن,27,قلعه گردن, مازندران,MZN
13678,5896,سلیمان اباد,27,سلیمان آباد, مازندران,MZN
13679,4625,کشکو,27,کشکو, مازندران,MZN
13680,7748,لاک تراشان,27,لاکتراشان, مازندران,MZN
13681,9419,سادات محله,27,سادات محله, مازندران,MZN
13682,6282,اغوزکتی,27,اغوزکتی, مازندران,MZN
13683,6985,جواهرده,27,جواهرده, مازندران,MZN
13684,7648,جنت رودبار,27,جفت رودبار, مازندران,MZN
13685,7833,خوشرودپی,27,خوشرودپی, مازندران,MZN
13686,2280,اهنگرکلا,27,آهنگرکلا, مازندران,MZN
13687,3782,گاوانکلا,27,گاون کلا, مازندران,MZN
13688,6864,شورکش,27,شورکش, مازندران,MZN
13689,3333,عرب خیل,27,عرب خیل, مازندران,MZN
13690,1791,کاسگرمحله,27,کاسگرمحله, مازندران,MZN
13691,6250,بیشه سر,27,بیشه سر, مازندران,MZN
13692,9899,درازکش,27,درازکش, مازندران,MZN
13693,8474,گردرودبار,27,گردرودبار, مازندران,MZN
13694,6356,مرزی کلا,27,مرزی کلا, مازندران,MZN
13695,8703,شهیداباد,27,شهیدآباد, مازندران,MZN
13696,1561,زرگرمحله,27,زرگر محله, مازندران,MZN
13697,4457,خطیرکلا,27,خطیر کلاء, مازندران,MZN
13698,9256,حاجی کلاصنم,27,حاجی کلاء صنم, مازندران,MZN
13699,4408,واسکس,27,واسکس, مازندران,MZN
13700,1900,ریکنده,27,دیکنده, مازندران,MZN
13701,7080,بیزکی,27,بیزکی, مازندران,MZN
13702,9893,سنگتاب,27,سنگتاب, مازندران,MZN
13703,9603,رکابدارکلا,27,رکابدارکلا, مازندران,MZN
13704,9546,شیرکلا,27,شیر کلا, مازندران,MZN
13705,3926,اتو,27,اتو, مازندران,MZN
13706,8613,پالند,27,پالند, مازندران,MZN
13707,7911,چرات,27,چرات, مازندران,MZN
13708,6785,ده میان,27,دهمیان, مازندران,MZN
13709,1695,خشک دره,27,خشکدره, مازندران,MZN
13710,5970,امافت,27,امافت, مازندران,MZN
13711,9300,ورسک,27,ورسک, مازندران,MZN
13712,7066,کتی لته,27,کتی لته, مازندران,MZN
13713,8940,اروست,27,اروست, مازندران,MZN
13714,8005,سنگده,27,سنگده, مازندران,MZN
13715,4639,قادیکلا,27,قادیکلاء, مازندران,MZN
13716,4639,قادیکلا,27,قادیکلا, مازندران,MZN
13717,8053,تاکام,27,تاکام, مازندران,MZN
13718,8402,اسبوکلا,27,اسبوکلا, مازندران,MZN
13719,4144,دارابکلا,27,داراب کلاء, مازندران,MZN
13720,4023,ماچک پشت,27,ماچک پشت, مازندران,MZN
13721,9415,زاغمرز,27,زاغمرز, مازندران,MZN
13722,8616,چلمردی,27,چلمردی, مازندران,MZN
13723,7128,رستم کلا,27,رستم کلا, مازندران,MZN
13724,6957,پایین زرندین,27,پائین زرندین, مازندران,MZN
13725,5091,بادابسر,27,بارابسر, مازندران,MZN
13726,8207,تیرتاش,27,تیر تاش, مازندران,MZN
13727,3714,دامداری حسن ابوطالبی,27,دامداری حسن ابوطا, مازندران,MZN
13728,1634,سفیدچاه,27,سفیدچاه, مازندران,MZN
13729,3749,میان دره,27,میاندره, مازندران,MZN
13730,2977,بندپی,27,بندپی, مازندران,MZN
12334,1,اراک,28,اراک,مرکزی,MKZ
12335,2,آشتیان,28,آشتیان,مرکزی,MKZ
12336,3,تفرش,28,تفرش,مرکزی,MKZ
12337,4,خمین,28,خمین,مرکزی,MKZ
12338,6,ساوه,28,خاوه,مرکزی,MKZ
12339,6,ساوه,28,ساوه,مرکزی,MKZ
12340,5,دلیجان,28,دلیجان,مرکزی,MKZ
12341,9,محلات,28,محلات,مرکزی,MKZ
12342,12,خنداب,28,خنداب,مرکزی,MKZ
12343,7,شازند,28,شازند,مرکزی,MKZ
12344,11,کمیجان,28,کمیجان,مرکزی,MKZ
13293,14,آستانه,28,آستانه,مرکزی,MKZ
13294,15,پرندک,28,پرندک,مرکزی,MKZ
13295,16,توره,28,توره,مرکزی,MKZ
13296,17,جاورسیان,28,جاروسیان,مرکزی,MKZ
13297,18,خشکرود,28,خشک رود,مرکزی,MKZ
13298,19,داودآباد,28,داودآباد,مرکزی,MKZ
13299,20,رازقان,28,رازقان,مرکزی,MKZ
13300,21,زاویه,28,زاویه,مرکزی,MKZ
13301,22,ساروق,28,ساروق,مرکزی,MKZ
13302,23,سنجان,28,سنجان,مرکزی,MKZ
13303,25,غرق آباد,28,غرق آباد,مرکزی,MKZ
13304,26,فرمهین,28,فرمهین,مرکزی,MKZ
13305,27,قورچی باشی,28,قورچی باشی,مرکزی,MKZ
13306,28,کرهرود,28,کرهرود,مرکزی,MKZ
13307,29,مأمونیه,28,مامونیه ـ زرندیه,مرکزی,MKZ
13308,30,میلاجرد,28,میلاجرد,مرکزی,MKZ
13309,31,نراق,28,نراق,مرکزی,MKZ
13310,32,نوبران,28,نوبران,مرکزی,MKZ
13311,33,نیمور,28,نیمور,مرکزی,MKZ
13312,34,هندودر,28,هندودر,مرکزی,MKZ
13400,3611,اوه,28,خاوه,مرکزی,MKZ
13401,3611,اوه,28,ساوه,مرکزی,MKZ
13407,4056,رباطمراد,28,رباط مراد,مرکزی,MKZ
13408,4715,مامونیه,28,مامونیه ـ زرندیه,مرکزی,MKZ
13538,9985,اصفهانک,28,اصفهانک,مرکزی,MKZ
13539,6905,حکیم اباد,28,حکیم آباد,مرکزی,MKZ
13540,6057,صدراباد,28,صدرآباد,مرکزی,MKZ
13541,4757,نخجیروان,28,نخجیروان,مرکزی,MKZ
13542,3477,باقراباد,28,باقرآباد,مرکزی,MKZ
13543,8162,بزیجان,28,بزیجان,مرکزی,MKZ
13544,5010,عیسی اباد,28,عیسی آباد,مرکزی,MKZ
13545,8376,خورهه,28,خورهه,مرکزی,MKZ
13546,5280,ادشته,28,ادشته,مرکزی,MKZ
13547,7593,استوه,28,استوه,مرکزی,MKZ
13548,8701,اناج,28,اناج,مرکزی,MKZ
13549,4096,وفس,28,وفس,مرکزی,MKZ
13550,5347,خسروبیگ,28,خسروبیک,مرکزی,MKZ
13551,3124,سمقاور,28,سقاور,مرکزی,MKZ
13552,8251,هزاوه,28,هزاوه,مرکزی,MKZ
13553,7561,هفته,28,هفته,مرکزی,MKZ
13554,5029,لنجرود,28,لنجرود,مرکزی,MKZ
13555,4424,کزاز,28,کزاز,مرکزی,MKZ
13556,8699,کتیران بالا,28,کتیران بالا,مرکزی,MKZ
13557,3240,نهرمیان,28,نهرمیان,مرکزی,MKZ
13558,1783,سرسختی بالا,28,سرسختی بالا,مرکزی,MKZ
13559,1596,لوزدرعلیا,28,لوزدرعلیا,مرکزی,MKZ
13560,7971,تواندشت علیا,28,تواندشت علیا,مرکزی,MKZ
13561,8741,مالمیر,28,مالمیر,مرکزی,MKZ
13562,5632,چهارچریک,28,چهارچریک,مرکزی,MKZ
13563,3117,چهارچشمه,28,چهارچشمه,مرکزی,MKZ
13564,3831,لکان,28,لکان,مرکزی,MKZ
13565,4426,ورچه,28,ورچه,مرکزی,MKZ
13566,650,فرفهان,28,فرقهان,مرکزی,MKZ
13567,4613,امامزاده ورچه,28,امامزاده ورچه,مرکزی,MKZ
13568,1235,رباطکفسان,28,رباط کمنسان,مرکزی,MKZ
13569,7228,ریحان علیا,28,ریحان علیا,مرکزی,MKZ
13570,7228,ریحان علیا,28,شیجان علیا,مرکزی,MKZ
13571,7944,خوراوند,28,خورآوند,مرکزی,MKZ
13572,7773,میشیجان علیا,28,شیجان علیا,مرکزی,MKZ
13573,2134,یل اباد,28,یلاباد,مرکزی,MKZ
13574,7525,الویر,28,الویر,مرکزی,MKZ
13575,2371,دوزج,28,دوزج,مرکزی,MKZ
13576,7136,علیشار,28,علیشار,مرکزی,MKZ
13577,5835,بالقلو,28,بالقلو,مرکزی,MKZ
13578,5626,قاقان,28,ماقان,مرکزی,MKZ
13579,5697,دخان,28,دخان,مرکزی,MKZ
13580,6766,زاغر,28,زاغر,مرکزی,MKZ
13581,3196,فشک,28,فشک,مرکزی,MKZ
13582,9956,اهنگران,28,آهنگران,مرکزی,MKZ
13583,6701,مزرعه نو,28,مزرعهنو,مرکزی,MKZ
13584,8973,سیاوشان,28,سیاوشان,مرکزی,MKZ
12623,2201,ابوموسی,29,ابوموسی,هرمزگان,HRZ
12624,2202,بندرعباس,29,بندرعباس,هرمزگان,HRZ
12625,2203,بندرلنگه,29,بندر لنگه,هرمزگان,HRZ
12626,2204,قشم,29,قشم,هرمزگان,HRZ
12627,2205,میناب,29,میناب,هرمزگان,HRZ
12628,2206,جاسک,29,جاسک,هرمزگان,HRZ
12629,2209,بستک,29,بستک,هرمزگان,HRZ
12630,2211,پارسیان,29,پارسیان,هرمزگان,HRZ
12631,2212,سیریک,29,سیریک,هرمزگان,HRZ
12684,2214,کیش,29,کیش,هرمزگان,HRZ
13313,2219,جناح,29,جناح,هرمزگان,HRZ
13314,2220,حاجی آباد  ,29,حاجی آباد,هرمزگان,HRZ
13315,2221,درگهان,29,درگهان,هرمزگان,HRZ
13316,2222,دهبارز,29,دهبارز ـ رودان,هرمزگان,HRZ
13317,2223,رویدر,29,رویدر,هرمزگان,HRZ
13318,2224,زیارتعلی,29,زیارت علی,هرمزگان,HRZ
13319,2227,سندرک,29,سندرک,هرمزگان,HRZ
13320,2228,سوزا,29,سوزا,هرمزگان,HRZ
13321,2229,فارغان,29,فارغان,هرمزگان,HRZ
13322,2230,فین,29,فین,هرمزگان,HRZ
13323,2232,کنگ,29,کنگ,هرمزگان,HRZ
13324,2234,گوهران,29,گوهران,هرمزگان,HRZ
13325,2235,هرمز,29,هرمز,هرمزگان,HRZ
13326,2236,هشتبندی,29,هشتبندی,هرمزگان,HRZ
14156,8054,پل شرقی,29,پل شرقی,هرمزگان,HRZ
14157,7553,سیاهو,29,سیاهو,هرمزگان,HRZ
14158,9388,باغات,29,باغات,هرمزگان,HRZ
14159,4126,گونمردی,29,گونمردی,هرمزگان,HRZ
14160,2565,گوهرت,29,گوهرت,هرمزگان,HRZ
14161,9692,جزیره سیری,29,جزیره سیری,هرمزگان,HRZ
14162,7315,بوموسی,29,ابوموسی,هرمزگان,HRZ
14163,2881,پدل,29,پدل,هرمزگان,HRZ
14164,3627,دژگان,29,دژگان,هرمزگان,HRZ
14165,5054,دهنگ,29,دهنگ,هرمزگان,HRZ
14166,8593,کمشک,29,کمشک,هرمزگان,HRZ
14167,6151,گزیر,29,گزیر,هرمزگان,HRZ
14168,7192,چارک,29,چارک,هرمزگان,HRZ
14169,8489,جزیره لاوان,29,جزیره لاوان,هرمزگان,HRZ
14170,6641,بندر,29,بندر,هرمزگان,HRZ
14171,5942,درپهن,29,درپهن,هرمزگان,HRZ
14172,9207,جغین,29,جغین,هرمزگان,HRZ
14173,539,زیارت علی,29,زیارت علی,هرمزگان,HRZ
14174,2896,ماشنگی,29,ماشنگی,هرمزگان,HRZ
14175,6875,گوربند,29,گوربند,هرمزگان,HRZ
14176,5433,تیاب,29,تیاب,هرمزگان,HRZ
12646,2401,اردبیل,3,اردبیل,اردبیل,ADL
12647,2402,بیله سوار,3,بیله سوار,اردبیل,ADL
12648,2403,خلخال,3,خلخال,اردبیل,ADL
12649,2404,مشگین شهر,3,مشکین شهر,اردبیل,ADL
12650,2405,گرمی,3,گرمی,اردبیل,ADL
12651,2406,پارس آباد,3,پارس آباد,اردبیل,ADL
12652,2408,نمین,3,نمین,اردبیل,ADL
12653,2409,نیر,3,نیر,اردبیل,ADL
12654,2410,سرعین,3,سرعین,اردبیل,ADL
12655,2411,اصلاندوز,3,اصلاندوز,اردبیل,ADL
12685,2412,آبی بیگلو,3,ابی بیگلو,اردبیل,ADL
12686,2414,تازه کندانگوت,3,تازه کند انگوت,اردبیل,ADL
12687,2415,جعفرآباد,3,جعفرآباد,اردبیل,ADL
12688,2416,رضی,3,رضی,اردبیل,ADL
12689,2417,عنبران,3,عنبران,اردبیل,ADL
12690,2418,فخرآباد,3,فخرآباد,اردبیل,ADL
12691,2419,کلور,3,کلور,اردبیل,ADL
12692,2421,گیوی,3,گیوی ـ کوثر,اردبیل,ADL
12693,2422,لاهرود,3,لاهرود,اردبیل,ADL
12694,2423,مرادلو,3,مرادلو,اردبیل,ADL
12695,2424,هشتجین,3,هشتجین,اردبیل,ADL
12696,2425,هیر,3,هیر,اردبیل,ADL
13367,3507,اسلام اباد,3,اسلام آباد,اردبیل,ADL
13368,3508,قصابه,3,قصابه,اردبیل,ADL
13803,3237,ننه کران,3,نانهکران,اردبیل,ADL
13804,6481,گرده,3,گرده,اردبیل,ADL
13805,7876,ثمرین,3,ثمرین,اردبیل,ADL
13806,3848,اردیموسی,3,اردی موسی,اردبیل,ADL
13807,3983,کورائیم,3,کوارئیم,اردبیل,ADL
13808,3409,بقراباد,3,بقرآباد,اردبیل,ADL
13809,3199,بودالالو,3,بودالالو,اردبیل,ADL
13810,1982,اراللوی بزرگ,3,ارالوی بزرگ,اردبیل,ADL
13811,1337,حمزه خانلو,3,حمزه خانلو,اردبیل,ADL
13812,9440,زهرا,3,زهرا,اردبیل,ADL
13813,5440,انی علیا,3,انی علیا,اردبیل,ADL
13814,8736,قاسم کندی,3,قاسمکندی,اردبیل,ADL
13815,6631,قره اغاج پایین,3,قره اغاج پائین,اردبیل,ADL
13816,1841,پریخان,3,پریخان,اردبیل,ADL
13817,1859,قوشه سفلی,3,قوشه سفلی,اردبیل,ADL
13818,4587,گنجوبه,3,گنجوبه,اردبیل,ADL
13819,460,انجیرلو,3,انجیر لو,اردبیل,ADL
13820,8324,جعفر آباد,3,جعفرآباد,اردبیل,ADL
13821,2598,خورخورسفلی,3,خورخور سفلی,اردبیل,ADL
13822,2948,شورگل,3,شورگل,اردبیل,ADL
13823,6132,نظرعلی بلاغی,3,نظرعلی بلاغی,اردبیل,ADL
13824,8210,لنبر,3,لنبر,اردبیل,ADL
13825,7184,خلفلو,3,خلف لو,اردبیل,ADL
13826,2833,برندق,3,برندق,اردبیل,ADL
13827,8232,گوشلو,3,گوشلو,اردبیل,ADL
12564,1301,تویسرکان,30,تویسرکان,همدان,HDN
12565,1302,ملایر,30,ملایر,همدان,HDN
12566,1303,نهاوند,30,نهاوند,همدان,HDN
12567,1303,نهاوند,30,قهاوند,همدان,HDN
12568,1305,کبودرآهنگ,30,کبودرآهنگ,همدان,HDN
12569,1304,همدان,30,همدان,همدان,HDN
12570,1306,اسدآباد,30,اسدآباد,همدان,HDN
12571,1307,بهار,30,بهار,همدان,HDN
12572,1308,رزن,30,رزن,همدان,HDN
12573,1309,فامنین,30,فامنین,همدان,HDN
13327,1310,ازندریان,30,ازندریان,همدان,HDN
13328,1312,جورقان,30,جورقان,همدان,HDN
13329,1313,جوکار,30,جوکار,همدان,HDN
13330,1314,دمق,30,دمق,همدان,HDN
13331,1315,زنگنه,30,زنگنه,همدان,HDN
13332,1316,سامن,30,سامن,همدان,HDN
13333,1317,سرکان,30,سرکان,همدان,HDN
13334,1318,شیرین سو,30,شیرین سو,همدان,HDN
13335,1319,صالح آباد   ,30,صالح آباد,همدان,HDN
13336,1320,فرسفج,30,فرسنج,همدان,HDN
13337,1321,فیروزان,30,فیروزان,همدان,HDN
13338,1322,قروه در جزین,30,قروه درجزین,همدان,HDN
13339,1323,قهاوند,30,نهاوند,همدان,HDN
13340,1323,قهاوند,30,قهاوند,همدان,HDN
13341,1324,گل تپه,30,گل تپه,همدان,HDN
13342,1325,گیان,30,گیان,همدان,HDN
13343,1326,لالجین,30,لالجین,همدان,HDN
13344,1327,مریانج,30,مریانج,همدان,HDN
13402,3620,اجین,30,اجین,همدان,HDN
13949,1979,دیناراباد,30,دینارآباد,همدان,HDN
13950,1746,همه کسی,30,همهکسی,همدان,HDN
13951,1885,پرلوک,30,پرلوک,همدان,HDN
13952,9058,مهاجران,30,مهاجران,همدان,HDN
13953,3227,ویرایی,30,ویرایی,همدان,HDN
13954,1399,چنارسفلی,30,چنارسفلی,همدان,HDN
13955,6372,چنارعلیا,30,چنارعلیا,همدان,HDN
13956,2315,آجین,30,اجین,همدان,HDN
13957,8816,طویلان سفلی,30,طویلان سفلا,همدان,HDN
13958,5023,کوریجان,30,کوریجان,همدان,HDN
13959,3909,قهوردسفلی,30,قهوردسفلی,همدان,HDN
13960,3319,اکنلو,30,اکنلو,همدان,HDN
13961,5451,تجرک,30,تجرک,همدان,HDN
13962,7193,کوزره,30,کوزره,همدان,HDN
13963,1875,چانگرین,30,چانگرین,همدان,HDN
13964,4047,قروه درجزین,30,قروه درجزین,همدان,HDN
13965,8564,ازناو,30,ازناو,همدان,HDN
13966,5139,اورزمان,30,اورزمان,همدان,HDN
13967,9089,ولاشجرد,30,ولاشجرد,همدان,HDN
13968,7841,اشتران,30,اشتران,همدان,HDN
13969,4892,باباپیر,30,باباپیر,همدان,HDN
13970,7670,جهان اباد,30,جهان آباد,همدان,HDN
13971,5063,باباقاسم,30,باباقاسم,همدان,HDN
13972,5345,بابارستم,30,بابارستم,همدان,HDN
13973,3054,دهفول,30,دهفول,همدان,HDN
13974,6574,پایگاه نوژه,30,پایگاه نوژه,همدان,HDN
13975,6105,علیصدر,30,علیصدر,همدان,HDN
13976,5738,گنبد,30,گنبد,همدان,HDN
13977,8500,پادگان قهرمان,30,پادگان قهرمان,همدان,HDN
12614,2101,اردکان,31,اردکان,یزد,YZD
12615,2102,بافق,31,بافق,یزد,YZD
12616,2103,تفت,31,تفت,یزد,YZD
12617,2104,مهریز,31,مهریز,یزد,YZD
12618,2105,یزد,31,یزد,یزد,YZD
12619,2106,میبد,31,میبد,یزد,YZD
12620,2107,ابرکوه,31,ابرکوه,یزد,YZD
12621,2108,اشکذر,31,اشکذر ـ صدوق,یزد,YZD
12622,2111,بهاباد,31,بهاباد,یزد,YZD
13345,2112,احمدآباد,31,احمدآباد,یزد,YZD
13346,2114,بفروئیه,31,بفروئیه,یزد,YZD
13347,2115,حمیدیا,31,حمیدیا,یزد,YZD
13348,2116,خضرآباد,31,خضر آباد,یزد,YZD
13349,2118,زارچ,31,زارچ,یزد,YZD
13350,2119,شاهدیه,31,شاهدیه,یزد,YZD
13351,2122,عقدا,31,عقدائ,یزد,YZD
13352,2123,مروست,31,مروست,یزد,YZD
13353,2124,مهردشت,31,مهردشت,یزد,YZD
13354,2125,ندوشن,31,ندوشن,یزد,YZD
13355,2126,نیر ,31,نیر,یزد,YZD
13356,2127,هرات,31,هرات ـ خاتم,یزد,YZD
14284,1178,فراغه,31,فراغه,یزد,YZD
14285,7327,اسفنداباد,31,اسفندآباد,یزد,YZD
14286,6113,خضر آباد,31,خضر آباد,یزد,YZD
14287,1277,زرین,31,زرین,یزد,YZD
14288,3947,بنستان,31,بنتان,یزد,YZD
14289,5796,ارنان,31,ارنان,یزد,YZD
14290,7372,بهادران,31,بهادران,یزد,YZD
14291,9677,دهشیر,31,دهشیر,یزد,YZD
12521,1001,اردستان,4,اردستان,اصفهان,ESF
12522,1002,اصفهان,4,اصفهان,اصفهان,ESF
12523,1003,خمینی شهر,4,خمینی شهر,اصفهان,ESF
12524,1004,خوانسار,4,خوانسارک,اصفهان,ESF
12525,1004,خوانسار,4,خوانسار,اصفهان,ESF
12526,1005,سمیرم,4,سمیرم,اصفهان,ESF
12527,1007,فریدونشهر,4,فریدون شهر,اصفهان,ESF
12528,1008,فلاورجان,4,فلاورجان,اصفهان,ESF
12529,1009,شهرضا,4,شهرضا,اصفهان,ESF
12530,1010,کاشان,4,کاشان,اصفهان,ESF
12531,1011,گلپایگان,4,گلپایگان,اصفهان,ESF
12532,1014,نجف آباد,4,نجف آباد,اصفهان,ESF
12533,1015,نطنز,4,نطنز,اصفهان,ESF
12534,1017,مبارکه,4,مبارکه,اصفهان,ESF
12535,1018,آران وبیدگل,4,آران وبیدگل,اصفهان,ESF
12536,1020,چادگان,4,چادگان,اصفهان,ESF
12537,1021,دهاقان,4,دهاقان,اصفهان,ESF
12697,1026,ابریشم,4,ابریشم,اصفهان,ESF
12698,1027,ابوزیدآباد,4,ابوزیدآباد,اصفهان,ESF
12699,1028,اژیه,4,اژیه,اصفهان,ESF
12700,1029,افوس,4,افوس,اصفهان,ESF
12701,1030,انارک,4,انارک,اصفهان,ESF
12702,1032,بادرود,4,بادرود,اصفهان,ESF
12703,1033,باغ بهادران,4,باغ بهارداران,اصفهان,ESF
12704,1034,بافران,4,بافران,اصفهان,ESF
12705,1035,برزک,4,برزک,اصفهان,ESF
12706,1036,برف انبار,4,برف انبار,اصفهان,ESF
12707,1039,بهارستان,4,بهارستان,اصفهان,ESF
12708,1040,پیربکران,4,پیربکران,اصفهان,ESF
12709,1041,تودشک,4,تودشک,اصفهان,ESF
12710,1042,تیران,4,تیران,اصفهان,ESF
12711,1043,جندق,4,جندق,اصفهان,ESF
12712,1044,جوزدان,4,جوزدان,اصفهان,ESF
12713,1045,جوشقان وکامو,4,جوشقان و کامو,اصفهان,ESF
12714,1046,چرمهین,4,چرمهین,اصفهان,ESF
12715,1047,چمگردان,4,چمگردان,اصفهان,ESF
12716,1048,حبیب آباد,4,حبیب آباد,اصفهان,ESF
12717,1049,حسن آباد,4,حسن اباد,اصفهان,ESF
12718,1049,حسن آباد,4,حسین آباد,اصفهان,ESF
12719,1050,حنا,4,حنا,اصفهان,ESF
12720,1051,خالدآباد,4,خالدآباد,اصفهان,ESF
12721,1052,خور,4,خور,اصفهان,ESF
12722,1053,خوراسگان,4,خوراسگان,اصفهان,ESF
12723,1054,خورزوق,4,خورزوق,اصفهان,ESF
12724,1055,داران,4,داران ـ فریدن,اصفهان,ESF
12725,1056,دامنه,4,دامنه,اصفهان,ESF
12726,1059,دولت آباد,4,دولت آباد,اصفهان,ESF
12727,1060,دهق,4,دهق,اصفهان,ESF
12728,1061,دیزیچه,4,دیزیچه,اصفهان,ESF
12729,1062,رزوه,4,رزوه,اصفهان,ESF
12730,1063,رضوانشهر,4,رضوان شهر,اصفهان,ESF
12731,1064,زاینده رود,4,زاینده رود,اصفهان,ESF
12732,1065,زرین شهر,4,زرین شهر ـ لنجان,اصفهان,ESF
12733,1066,زواره,4,زواره,اصفهان,ESF
12734,1067,زیباشهر,4,زیبا شهر,اصفهان,ESF
12735,1068,سده لنجان,4,سده لنجان,اصفهان,ESF
12736,1069,سفیدشهر,4,سفید شهر,اصفهان,ESF
12737,1070,سگزی,4,سگزی,اصفهان,ESF
12738,1072,شاهین شهر,4,شاهین شهر,اصفهان,ESF
12739,1073,طالخونچه,4,طالخونچه,اصفهان,ESF
12740,1074,عسگران,4,عسگران,اصفهان,ESF
12741,1076,فرخی,4,فرخی,اصفهان,ESF
12742,1077,فولادشهر,4,فولادشهر,اصفهان,ESF
12743,1078,قمصر,4,قمصر,اصفهان,ESF
12744,1079,قهجاورستان,4,قهجاورستان,اصفهان,ESF
12745,1080,قهدریجان,4,قهد ریجان,اصفهان,ESF
12746,1081,کرکوند,4,کرکوند,اصفهان,ESF
12747,1082,کلیشادوسودرجان,4,کلیشادوسودرجان,اصفهان,ESF
12748,1083,کمشچه,4,کمشچه,اصفهان,ESF
12749,1084,کمه,4,کمه,اصفهان,ESF
12750,1084,کمه,4,کامه,اصفهان,ESF
12751,1085,کوشک,4,کوشک,اصفهان,ESF
12752,1086,کوهپایه,4,کوهپایه,اصفهان,ESF
12753,1087,کهریزسنگ,4,کهریزسنگ,اصفهان,ESF
12754,1088,گرگاب,4,گرگاب,اصفهان,ESF
12755,1090,گلدشت,4,گلدشت,اصفهان,ESF
12756,1092,گلشهر,4,گلشهر,اصفهان,ESF
12757,1093,گوگد,4,گوگد,اصفهان,ESF
12758,1094,لای بید,4,لای بید,اصفهان,ESF
12759,1095,محمدآباد,4,محمدآباد,اصفهان,ESF
12760,1096,مشکات,4,مشکات,اصفهان,ESF
12761,1097,منظریه,4,منظریه,اصفهان,ESF
12762,1098,مهاباد,4,مهاباد,اصفهان,ESF
12763,1099,میمه,4,میمه,اصفهان,ESF
12764,1150,نصرآباد,4,نصر آباد,اصفهان,ESF
12765,1151,نوش آباد,4,نوش آباد,اصفهان,ESF
12766,1152,نیاسر,4,نیاسر,اصفهان,ESF
12767,1153,نیک آباد,4,نیک آباد,اصفهان,ESF
12768,1154,ورزنه,4,ورزنه,اصفهان,ESF
12769,1155,ورنامخواست,4,ورنامخواست,اصفهان,ESF
12770,1156,وزوان,4,وزوان,اصفهان,ESF
12771,1157,ونک,4,ونک,اصفهان,ESF
13358,1025,هرند,4,هرند,اصفهان,ESF
13361,2574,سپاهان شهر,4,سپاهان شهر,اصفهان,ESF
13369,3509,اصغراباد,4,اصغرآباد,اصفهان,ESF
13370,3511,بویین ومیاندشت,4,بوئین ومیاندشت,اصفهان,ESF
13421,1270,مورچه خورت,4,مورچه خورت,اصفهان,ESF
13422,3034,نائین,4,نائین,اصفهان,ESF
13423,5880,اسفرجان,4,اسفرجان,اصفهان,ESF
13424,2043,مهرگرد,4,مهرگرد,اصفهان,ESF
13425,2245,جوشقان استرک,4,جوشقان استرک,اصفهان,ESF
13426,5686,آران و بیدگل,4,آران وبیدگل,اصفهان,ESF
14177,6382,دستجا,4,دستجاء,اصفهان,ESF
14178,7528,پالایشگاه اصفهان,4,پالایشگاه اصفهان,اصفهان,ESF
14179,3954,کلهرود,4,کلهرود,اصفهان,ESF
14180,4373,موته,4,موته,اصفهان,ESF
14181,9690,رباطاقاکمال,4,رباط آقاکمال,اصفهان,ESF
14182,8757,مزیک,4,مزیک,اصفهان,ESF
14183,8481,مهرجان,4,مهرجان,اصفهان,ESF
14184,3822,بیاضه,4,بیاضیه,اصفهان,ESF
14185,6775,چوپانان,4,چوپانان,اصفهان,ESF
14186,2288,بلان,4,بلان,اصفهان,ESF
14187,4811,کچومثقال,4,کچومثقال,اصفهان,ESF
14188,1284,ظفرقند,4,ظفرقند,اصفهان,ESF
14189,3364,نهوج,4,نهوج,اصفهان,ESF
14190,9251,نیسیان,4,نیسیان,اصفهان,ESF
14191,7001,ومکان,4,ومکان,اصفهان,ESF
14192,9597,همسار,4,همسار,اصفهان,ESF
14193,6138,فسخود,4,فسخود,اصفهان,ESF
14194,3979,فوداز,4,نوداز,اصفهان,ESF
14195,8265,اشکستان,4,اشکستان,اصفهان,ESF
14196,3750,کجان,4,کجان,اصفهان,ESF
14197,4468,نیستانک,4,نیستانک,اصفهان,ESF
14198,4524,تیرانچی,4,تیرانچی,اصفهان,ESF
14199,4477,درقه,4,درقه,اصفهان,ESF
14200,7820,تورزن,4,تورزن,اصفهان,ESF
14201,7343,تلک اباد,4,تلک آباد,اصفهان,ESF
14202,2373,موغار,4,موغار,اصفهان,ESF
14203,2533,خوانسارک,4,خوانسارک,اصفهان,ESF
14204,2533,خوانسارک,4,خوانسار,اصفهان,ESF
14205,6750,کرسگان,4,کرجگان,اصفهان,ESF
14206,9700,سهروفیروزان,4,سهروفیروزان,اصفهان,ESF
14207,6020,جوجیل,4,جوجیل,اصفهان,ESF
14208,6289,نوگوران,4,نوگوران,اصفهان,ESF
14209,6654,دهسرخ,4,دهسرخ,اصفهان,ESF
14210,6140,پلی اکریل,4,پلی اکریل,اصفهان,ESF
14211,4400,فولادمبارکه,4,فولادمبارکه,اصفهان,ESF
14212,2382,چم نور,4,چمنور,اصفهان,ESF
14213,3789,اشیان,4,اشیان,اصفهان,ESF
14214,9078,ورپشت,4,ورپشت,اصفهان,ESF
14215,9352,اشن,4,اشن,اصفهان,ESF
14216,2751,خونداب,4,خونداب,اصفهان,ESF
14217,4076,غرغن,4,غرغن,اصفهان,ESF
14218,7017,بوئین و میاندشت,4,بوئین ومیاندشت,اصفهان,ESF
14219,1569,بلطاق,4,بلطاق,اصفهان,ESF
14220,290,کرچ,4,کرچ,اصفهان,ESF
14221,5707,قره بلطاق,4,قره بلطاق,اصفهان,ESF
14222,9450,مشهدکاوه,4,مشهد کاوه,اصفهان,ESF
14223,7956,نهرخلج,4,نهرخلج,اصفهان,ESF
14224,9492,چاه غلامرضارحیمی,4,چاه غلامرضارحیمی,اصفهان,ESF
14225,6038,نهضت اباد,4,نهضت آباد,اصفهان,ESF
14226,4419,قلعه سرخ,4,قلعسرخ,اصفهان,ESF
14227,2653,اسلام ابادموگویی,4,اسلام ابادموگوئی,اصفهان,ESF
14228,6071,مصیر,4,مصیر,اصفهان,ESF
14229,8727,قمشلو,4,قمشلو,اصفهان,ESF
14230,7835,مهیار,4,مهیار,اصفهان,ESF
14231,9718,پرزان,4,پیرزان,اصفهان,ESF
14232,5685,منوچهراباد,4,منوچهرآباد,اصفهان,ESF
14233,6933,همگین,4,همگین,اصفهان,ESF
14234,1691,کهرویه,4,کهرویه,اصفهان,ESF
14235,6952,قصرچم,4,قصرچم,اصفهان,ESF
14236,8938,امین اباد,4,امین آباد,اصفهان,ESF
14237,5454,مقصودبیک,4,مقصودبیک,اصفهان,ESF
14238,6784,سولار,4,سولار,اصفهان,ESF
14239,7652,گرموک,4,گرموک,اصفهان,ESF
14240,5006,هست,4,هست,اصفهان,ESF
14241,9570,کهنگان,4,کهنگان,اصفهان,ESF
14242,445,مورک,4,مورک,اصفهان,ESF
14243,4762,چهارراه,4,چهارراه,اصفهان,ESF
14244,9448,ده نسا سفلی,4,دهنساء سفلی,اصفهان,ESF
14245,4888,اغداش,4,اغداش,اصفهان,ESF
14246,3854,چشمه رحمان,4,چشمه رحمان,اصفهان,ESF
14247,9071,ورق,4,ورق,اصفهان,ESF
14248,2771,سعادت اباد,4,سعادت آباد,اصفهان,ESF
14249,4016,سن سن,4,سنسن,اصفهان,ESF
14250,8227,اب شیرین,4,ابشیرین,اصفهان,ESF
14251,7771,نشلج,4,نشلج,اصفهان,ESF
14252,4295,مزرعه صدر,4,مزرعه صدر,اصفهان,ESF
14253,2737,کاغذی,4,کاغذی,اصفهان,ESF
14254,8168,قهرود,4,قهرود,اصفهان,ESF
14255,5643,جوشقان و کامو,4,جوشقان و کامو,اصفهان,ESF
14256,3322,وادقان,4,وادقان,اصفهان,ESF
14257,4593,اذان,4,اذران,اصفهان,ESF
14258,9161,اریسمان,4,اریسمان,اصفهان,ESF
14259,3171,ابیانه,4,ابیانه,اصفهان,ESF
14260,1673,خالدآ باد,4,خالدآباد,اصفهان,ESF
14261,7392,اوره,4,اوره,اصفهان,ESF
14262,8399,ملازجان,4,ملازجان,اصفهان,ESF
14263,5884,مرغ,4,مرغ,اصفهان,ESF
14264,6205,قرغن,4,قرغن,اصفهان,ESF
14265,8812,کوچری,4,کوچری,اصفهان,ESF
14266,6903,کلوچان,4,کلوچان,اصفهان,ESF
14267,8723,زرنجان,4,زرنجان,اصفهان,ESF
14268,5093,وانشان,4,وانشان,اصفهان,ESF
14269,8017,تیکن,4,تیکن,اصفهان,ESF
14270,3334,سنگ سفید,4,سنگ سفید,اصفهان,ESF
14271,2931,رحمت اباد,4,رحمت آباد,اصفهان,ESF
14272,8911,خم پیچ,4,خمپیچ,اصفهان,ESF
14273,3452,تیدجان,4,تیدجان,اصفهان,ESF
14274,8532,ویست,4,ویست,اصفهان,ESF
12679,3001,کرج,5,کرج,البرز,ABZ
12680,3003,نظرآباد,5,نظرآباد,البرز,ABZ
12681,3005,اشتهارد,5,اشتهارد,البرز,ABZ
12683,3007,هشتگرد,5,هشتگرد ـ ساوجبلاغ,البرز,ABZ
12772,3010,چهارباغ,5,چهارباغ,البرز,ABZ
12773,3012,شهرجدیدهشتگرد,5,شهر جدید هشتگرد,البرز,ABZ
12774,3013,کمال شهر,5,کمال شهر,البرز,ABZ
12775,3016,ماهدشت,5,ماهیدشت,البرز,ABZ
12776,3017,محمدشهر,5,محمدشهر,البرز,ABZ
13371,3520,گلسار,5,گلسار,البرز,ABZ
13443,8929,کمالشهر,5,کمال شهر,البرز,ABZ
12588,1601,ایلام,6,ایلام,ایلام,ILM
12589,1602,دره شهر,6,دره شهر,ایلام,ILM
12590,1603,دهلران,6,دهلران,ایلام,ILM
12591,1605,مهران,6,مهران,ایلام,ILM
12592,1606,آبدانان,6,آبدانان,ایلام,ILM
12593,1607,ایوان,6,ایوان,ایلام,ILM
12594,1610,بدره,6,بدره,ایلام,ILM
12777,1611,ارکواز,6,ارکواز,ایلام,ILM
12778,1612,آسمان آباد,6,آسمان آباد,ایلام,ILM
12779,1613,پهله,6,پهله,ایلام,ILM
12780,1614,توحید,6,توحید,ایلام,ILM
12781,1615,چوار,6,چوار,ایلام,ILM
12782,1617,زرنه,6,زرنه,ایلام,ILM
12783,1618,سراب باغ,6,سراب باغ,ایلام,ILM
12784,1619,سرابله,6,سرابله ـ شیروان و چرداول,ایلام,ILM
12785,1620,صالح آباد,6,صالح آباد,ایلام,ILM
12786,1621,لومار,6,لومار,ایلام,ILM
12787,1622,مورموری,6,مورموری,ایلام,ILM
12788,1623,موسیان,6,موسیان,ایلام,ILM
12789,1624,میمه ,6,میمه,ایلام,ILM
13420,4791,سرآبله,6,سرابله ـ شیروان و چرداول,ایلام,ILM
14048,292,چمن سیدمحمد,6,چمن سیدمحمد,ایلام,ILM
14049,9307,شورابه ملک,6,شورابه ملک,ایلام,ILM
14050,9771,کلان,6,کلان,ایلام,ILM
14051,8546,بلاوه تره سفلی,6,بلاوهتره سفلی,ایلام,ILM
14052,7505,ارمو,6,ارمو,ایلام,ILM
14053,5097,چشمه شیرین,6,چشمه شیرین,ایلام,ILM
14054,2508,شهرک ولیعصر,6,شهرک ولی عصر,ایلام,ILM
14055,9979,چم هندی,6,چمهندی,ایلام,ILM
14056,7612,عین خوش,6,عین خوش,ایلام,ILM
14057,9411,دشت عباس,6,دشت عباس,ایلام,ILM
14058,6615,شهرک اسلامیه,6,شهرک اسلامیه,ایلام,ILM
14059,6018,دول کبودخوشادول,6,دولکبودخوشادل,ایلام,ILM
12598,1801,بوشهر,7,بوشهر,بوشهر,BHR
12599,1810,عسلویه,7,عسلویه,بوشهر,BHR
12600,1809,جم,7,جم,بوشهر,BHR
12844,1812,امام حسن,7,امام حسن,بوشهر,BHR
12845,1814,اهرم,7,اهرم ـ تنگستان,بوشهر,BHR
12846,1815,آبپخش,7,آبپخش,بوشهر,BHR
12847,1816,آبدان,7,ابدان,بوشهر,BHR
12848,1817,برازجان,7,برازجان ـ دشتستان,بوشهر,BHR
12849,1818,بردخون,7,بردخون,بوشهر,BHR
12850,1819,بندردیر,7,بندردیر,بوشهر,BHR
12851,1820,بندردیلم,7,بندردیلم,بوشهر,BHR
12852,1821,بندرریگ,7,بندرریگ,بوشهر,BHR
12853,1822,بندرکنگان,7,بندرکنگان,بوشهر,BHR
12854,1823,بندرگناوه,7,بندرگناوه,بوشهر,BHR
12855,1825,تنگ ارم,7,تنگ ارم,بوشهر,BHR
12856,1826,چغادک,7,چغارک,بوشهر,BHR
12857,1828,خورموج,7,خورموج ـ دشتی,بوشهر,BHR
12858,1829,دالکی,7,دالکی,بوشهر,BHR
12859,1830,دلوار,7,دلوار,بوشهر,BHR
12860,1831,ریز,7,ریز,بوشهر,BHR
12861,1832,سعدآباد,7,سعدآباد,بوشهر,BHR
12862,1833,سیراف,7,سیراف,بوشهر,BHR
12863,1834,شبانکاره,7,شبانکاره,بوشهر,BHR
12864,1835,شنبه,7,شنبه,بوشهر,BHR
12865,1836,کاکی,7,کاکی,بوشهر,BHR
12866,1837,کلمه,7,کلمه,بوشهر,BHR
12867,1838,نخل تقی,7,نخل تقی,بوشهر,BHR
12868,1839,وحدتیه,7,وحدتیه,بوشهر,BHR
13372,3523,اباد,7,آباد,بوشهر,BHR
13373,3525,بادوله,7,بادوله,بوشهر,BHR
14111,4180,بندر ریگ,7,بندرریگ,بوشهر,BHR
14112,9335,چهارروستایی,7,چهارروستائی,بوشهر,BHR
14113,6459,شول,7,شول,بوشهر,BHR
14114,5192,بندر دیلم,7,بندردیلم,بوشهر,BHR
14115,6235,بنه گز,7,بنهگز,بوشهر,BHR
12632,2301,تهران,8,تهران,تهران,THR
12633,2302,دماوند,8,دماوند,تهران,THR
12634,2303,ری,8,ری,تهران,THR
12635,2317,ملارد,8,ملارد,تهران,THR
12636,2318,پیشوا,8,پیشوا,تهران,THR
12637,2319,بهارستان,8,باغستان,تهران,THR
12638,2320,پردیس,8,پردیس,تهران,THR
12639,2306,ورامین,8,ورامین,تهران,THR
12640,2309,شهریار,8,شهریار,تهران,THR
12641,2310,اسلامشهر,8,اسلام شهر,تهران,THR
12642,2312,رباط کریم,8,رباط کریم,تهران,THR
12643,2313,پاکدشت,8,پاکدشت,تهران,THR
12644,2314,فیروزکوه,8,فیروزکوه,تهران,THR
12645,2321,قرچک,8,قرچک,تهران,THR
12869,2324,ارجمند,8,ارجمند,تهران,THR
12870,2325,اندیشه,8,اندیشه,تهران,THR
12871,2326,آبسرد,8,آبسرد,تهران,THR
12872,2327,آبعلی,8,آبعلی,تهران,THR
12873,2328,باغستان,8,باغستان,تهران,THR
12874,2329,باقرشهر,8,باقر شهر,تهران,THR
12875,2329,باقرشهر,8,خاورشهر,تهران,THR
12876,2330,بومهن,8,بومهن,تهران,THR
12877,2331,جوادآباد,8,جواد آباد,تهران,THR
12878,2332,چهاردانگه,8,چهاردانگه,تهران,THR
12879,2333,حسن آباد ,8,حسن آباد,تهران,THR
12880,2334,رودهن,8,رودهن,تهران,THR
12881,2335,شاهدشهر,8,شاهدشهر,تهران,THR
12882,2336,شریف آباد,8,شریف آباد,تهران,THR
12883,2337,صالح آباد ,8,صالح آباد,تهران,THR
12884,2340,فرون آباد,8,فرون آباد,تهران,THR
12885,2341,فشم,8,فشم,تهران,THR
12886,2342,کهریزک,8,کهریزک,تهران,THR
12887,2343,کیلان,8,کیلان,تهران,THR
12888,2344,گلستان,8,گلستان,تهران,THR
12889,2344,گلستان,8,گلستان,تهران,THR
12890,2345,لواسان,8,لواسان,تهران,THR
12891,2346,نسیم شهر,8,نسیم شهر,تهران,THR
12892,2347,نصیرآباد,8,نصیرآباد,تهران,THR
13357,2322,پرند,8,پرند,تهران,THR
13374,3532,احمد اباد مستوفی,8,احمدآبادمستوفی,تهران,THR
13406,4231,رباطکریم,8,رباط کریم,تهران,THR
13430,640,باقر شهر,8,باقر شهر,تهران,THR
13431,8963,مرقدامام ره,8,مرقدامام,تهران,THR
13432,7451,طورقوزاباد,8,تورقوزآباد,تهران,THR
13433,6989,قلعه محمدعلی خان,8,قلعه محمدعلیخان,تهران,THR
13434,8935,فرودگاه امام خمینی,8,فرودگاه امام خمینی,تهران,THR
13435,5505,وهن اباد,8,وهن آباد,تهران,THR
13436,5755,قلعه نوخالصه,8,قلعه نوخالصه,تهران,THR
13437,5066,گل تپه کبیر,8,گل تپه کبیر,تهران,THR
13438,5807,محمودابادپیرزاده,8,محمودآبادپیرزاد,تهران,THR
13439,5670,فرون اباد,8,فرون آباد,تهران,THR
13440,4150,خاورشهر,8,خاورشهر,تهران,THR
13441,73,لپه زنگ,8,لپهزنگ,تهران,THR
13442,3368,قیامدشت,8,قیام دشت,تهران,THR
13444,3340,احمدابادمستوفی,8,احمدآبادمستوفی,تهران,THR
13445,1553,فیروزبهرام,8,مروزبهرام,تهران,THR
13446,8601,گلدسته,8,گلدسته,تهران,THR
13447,6923,شاطره,8,شاتره,تهران,THR
13448,5031,لواسان بزرگ,8,لوسان بزرگ,تهران,THR
13449,1186,لم اباد,8,لم آباد,تهران,THR
13450,5556,قلعه سین,8,قلعه سین,تهران,THR
13451,8560,عسگرابادعباسی,8,عسگرآبادعباسی,تهران,THR
13452,5071,دهماسین,8,دهماسین,تهران,THR
13453,3074,باغخواص,8,باغ خواص,تهران,THR
13454,8416,ایجدان,8,ایجدان,تهران,THR
13455,9840,ابباریک,8,آب باریک,تهران,THR
13456,4422,جواد آباد,8,جواد آباد,تهران,THR
13457,8578,خاوه,8,خاوه,تهران,THR
13458,8195,جلیل اباد,8,جلیل آباد,تهران,THR
13459,3103,پارچین,8,پارچین,تهران,THR
13460,4480,حصارامیر,8,حصارامیر,تهران,THR
13537,7567,اسماعیل آباد,8,اسماعیل آباد,تهران,THR
13585,4923,جابان,8,جابان,تهران,THR
13586,4041,سربندان,8,سربندان,تهران,THR
13587,1469,مشا,8,مشاء,تهران,THR
13588,6445,مرا,8,مراء,تهران,THR
13589,1024,هرانده,8,هرانده,تهران,THR
13590,6159,درده,8,درده,تهران,THR
12574,1401,بروجن,9,بروجن,چهارمحال و بختیاری,CHB
12575,1402,شهرکرد,9,شهرکرد,چهارمحال و بختیاری,CHB
12576,1403,فارسان,9,فارسان,چهارمحال و بختیاری,CHB
12577,1404,لردگان,9,لردگان,چهارمحال و بختیاری,CHB
12578,1405,اردل,9,اردل,چهارمحال و بختیاری,CHB
12579,1408,سامان,9,سامان,چهارمحال و بختیاری,CHB
12580,1409,بن,9,بن,چهارمحال و بختیاری,CHB
12893,1411,آلونی,9,آلونی,چهارمحال و بختیاری,CHB
12894,1412,باباحیدر,9,باباحیدر,چهارمحال و بختیاری,CHB
12895,1413,بلداجی,9,بلداجی,چهارمحال و بختیاری,CHB
12896,1414,جونقان,9,جونقان,چهارمحال و بختیاری,CHB
12897,1415,چلگرد,9,چلگرد ـ کوهرنگ,چهارمحال و بختیاری,CHB
12898,1416,سفیددشت,9,سفیددشت,چهارمحال و بختیاری,CHB
12899,1417,سودجان,9,سودجان,چهارمحال و بختیاری,CHB
12900,1418,سورشجان,9,سورشجان,چهارمحال و بختیاری,CHB
12901,1419,شلمزار,9,شلمزار ـ کیار,چهارمحال و بختیاری,CHB
12902,1420,طاقانک,9,طاقانک,چهارمحال و بختیاری,CHB
12903,1421,فرادنبه,9,فرادنبه,چهارمحال و بختیاری,CHB
12904,1422,فرخ شهر,9,فرخ شهر,چهارمحال و بختیاری,CHB
12905,1423,کیان,9,کیان,چهارمحال و بختیاری,CHB
12906,1424,گندمان,9,گندمان,چهارمحال و بختیاری,CHB
12907,1425,گهرو,9,گهرو,چهارمحال و بختیاری,CHB
12908,1426,مال خلیفه,9,مال خلیفه,چهارمحال و بختیاری,CHB
12909,1427,ناغان,9,ناغان,چهارمحال و بختیاری,CHB
12910,1428,نافچ,9,نافچ,چهارمحال و بختیاری,CHB
12911,1429,نقنه,9,نقنه,چهارمحال و بختیاری,CHB
12912,1430,هفشجان,9,هفشجان,چهارمحال و بختیاری,CHB
13375,3535,پردنجان,9,وردنجان,چهارمحال و بختیاری,CHB
13376,3535,پردنجان,9,بردنجان,چهارمحال و بختیاری,CHB
13377,3537,دستنا,9,دستنائ,چهارمحال و بختیاری,CHB
13378,3538,دشتک,9,دشتک,چهارمحال و بختیاری,CHB
13379,3539,سرخون,9,سرخون,چهارمحال و بختیاری,CHB
13380,3540,صمصامی,9,صمصامی,چهارمحال و بختیاری,CHB
13381,3545,هارونی,9,هارونی,چهارمحال و بختیاری,CHB
13427,9562,دزک,9,دزک,چهارمحال و بختیاری,CHB
14275,2628,خراجی,9,خراجی,چهارمحال و بختیاری,CHB
14276,2536,دستناء,9,دستنائ,چهارمحال و بختیاری,CHB
14277,7280,مرغملک,9,مرغملک,چهارمحال و بختیاری,CHB
14278,9767,وردنجان,9,وردنجان,چهارمحال و بختیاری,CHB
14279,9767,وردنجان,9,بردنجان,چهارمحال و بختیاری,CHB
14280,3339,شهریاری,9,شهریاری,چهارمحال و بختیاری,CHB
14281,9596,سفید دشت,9,سفیددشت,چهارمحال و بختیاری,CHB
14282,8206,امام قیس,9,امام قیس,چهارمحال و بختیاری,CHB
14283,7664,چمن بید,9,چمنبید,چهارمحال و بختیاری,CHB
