302,اهر,1,EAZ,آذربایجان شرقی
303,تبریز,1,EAZ,آذربایجان شرقی
306,مراغه,1,EAZ,آذربایجان شرقی
305,سراب,1,EAZ,آذربایجان شرقی
307,مرند,1,EAZ,آذربایجان شرقی
310,میانه,1,EAZ,آذربایجان شرقی
311,هشترود,1,EAZ,آذربایجان شرقی
312,بناب,1,EAZ,آذربایجان شرقی
314,شبستر,1,EAZ,آذربایجان شرقی
313,بستان آباد,1,EAZ,آذربایجان شرقی
315,کلیبر,1,EAZ,آذربایجان شرقی
316,هریس,1,EAZ,آذربایجان شرقی
319,جلفا,1,EAZ,آذربایجان شرقی
320,ملکان,1,EAZ,آذربایجان شرقی
321,آذرشهر,1,EAZ,آذربایجان شرقی
324,ورزقان,1,EAZ,آذربایجان شرقی
325,عجب شیر,1,EAZ,آذربایجان شرقی
322,اسکو,1,EAZ,آذربایجان شرقی
323,چاراویماق,1,EAZ,آذربایجان شرقی
326,خداآفرین,1,EAZ,آذربایجان شرقی
327,هوراند,1,EAZ,آذربایجان شرقی
328,ایلخچی,1,EAZ,آذربایجان شرقی
329,آبش احمد,1,EAZ,آذربایجان شرقی
330,آقکند,1,EAZ,آذربایجان شرقی
331,باسمنج,1,EAZ,آذربایجان شرقی
332,بخشایش,1,EAZ,آذربایجان شرقی
333,بناب جدید,1,EAZ,آذربایجان شرقی
334,ترک,1,EAZ,آذربایجان شرقی
335,ترکمانچای,1,EAZ,آذربایجان شرقی
336,تسوج,1,EAZ,آذربایجان شرقی
337,تیکمه داش,1,EAZ,آذربایجان شرقی
338,خاروانا,1,EAZ,آذربایجان شرقی
339,خامنه,1,EAZ,آذربایجان شرقی
340,خراجو,1,EAZ,آذربایجان شرقی
341,خسروشهر,1,EAZ,آذربایجان شرقی
342,خمارلو,1,EAZ,آذربایجان شرقی
343,خواجه,1,EAZ,آذربایجان شرقی
344,دوزدوزان,1,EAZ,آذربایجان شرقی
345,زرنق,1,EAZ,آذربایجان شرقی
346,زنوز,1,EAZ,آذربایجان شرقی
347,سردرود,1,EAZ,آذربایجان شرقی
348,سیس,1,EAZ,آذربایجان شرقی
349,سیه رود,1,EAZ,آذربایجان شرقی
350,شربیان,1,EAZ,آذربایجان شرقی
351,شرفخانه,1,EAZ,آذربایجان شرقی
352,شندآباد,1,EAZ,آذربایجان شرقی
353,شهرجدیدسهند,1,EAZ,آذربایجان شرقی
354,صوفیان,1,EAZ,آذربایجان شرقی
355,قره آغاج,1,EAZ,آذربایجان شرقی
356,کشکسرای,1,EAZ,آذربایجان شرقی
357,کلوانق,1,EAZ,آذربایجان شرقی
358,کوزه کنان,1,EAZ,آذربایجان شرقی
359,گوگان,1,EAZ,آذربایجان شرقی
360,لیلان,1,EAZ,آذربایجان شرقی
361,ممقان,1,EAZ,آذربایجان شرقی
362,مهربان,1,EAZ,آذربایجان شرقی
363,نظرکهریزی,1,EAZ,آذربایجان شرقی
364,وایقان,1,EAZ,آذربایجان شرقی
365,هادیشهر,1,EAZ,آذربایجان شرقی
366,یامچی,1,EAZ,آذربایجان شرقی
367,ایواوغلی,1,EAZ,آذربایجان شرقی
368,کندوان,1,EAZ,آذربایجان شرقی
3500,اچاچی,1,EAZ,آذربایجان شرقی
3501,تیمورلو,1,EAZ,آذربایجان شرقی
3502,جوان قلعه,1,EAZ,آذربایجان شرقی
3503,خسروشاه,1,EAZ,آذربایجان شرقی
3504,مبارک شهر,1,EAZ,آذربایجان شرقی
582,آذر شهر,1,EAZ,آذربایجان شرقی
4369,اغچه ریش,1,EAZ,آذربایجان شرقی
2480,خاتون اباد-آذربایجان شرقی,1,EAZ,آذربایجان شرقی
7432,شیخدراباد,1,EAZ,آذربایجان شرقی
6126,گوندوغدی,1,EAZ,آذربایجان شرقی
7860,پورسخلو,1,EAZ,آذربایجان شرقی
4575,قویوجاق,1,EAZ,آذربایجان شرقی
9047,ارموداق,1,EAZ,آذربایجان شرقی
7213,کهنمو,1,EAZ,آذربایجان شرقی
4599,اربط,1,EAZ,آذربایجان شرقی
3995,خسرو شهر,1,EAZ,آذربایجان شرقی
3988,خاص اباد (خاصبان ),1,EAZ,آذربایجان شرقی
4516,سرای (سرای ده ),1,EAZ,آذربایجان شرقی
389,کجوار,1,EAZ,آذربایجان شرقی
6660,خلجان,1,EAZ,آذربایجان شرقی
7129,ینگی اسپران (سفیدان جد,1,EAZ,آذربایجان شرقی
9911,شادبادمشایخ (پینه شلوا,1,EAZ,آذربایجان شرقی
5418,کندرود,1,EAZ,آذربایجان شرقی
3957,مایان سفلی,1,EAZ,آذربایجان شرقی
5468,قدمگاه (بادام یار-خراسان رضوی),1,EAZ,آذربایجان شرقی
3153,شیرامین,1,EAZ,آذربایجان شرقی
9993,امند,1,EAZ,آذربایجان شرقی
7248,شند آباد,1,EAZ,آذربایجان شرقی
5427,مینق,1,EAZ,آذربایجان شرقی
5445,سرند,1,EAZ,آذربایجان شرقی
9286,بیلوردی,1,EAZ,آذربایجان شرقی
7229,گلین قیه,1,EAZ,آذربایجان شرقی
2275,هرزندجدید (چای هرزند),1,EAZ,آذربایجان شرقی
1992,دولت اباد-آذربایجان شرقی,1,EAZ,آذربایجان شرقی
7354,یکان کهریز,1,EAZ,آذربایجان شرقی
159,شجاع,1,EAZ,آذربایجان شرقی
85,نوجه مهر,1,EAZ,آذربایجان شرقی
5058,چول قشلاقی,1,EAZ,آذربایجان شرقی
3318,ورگهان,1,EAZ,آذربایجان شرقی
8545,افیل,1,EAZ,آذربایجان شرقی
2840,اذغان (ازغان ),1,EAZ,آذربایجان شرقی
8607,سیه کلان,1,EAZ,آذربایجان شرقی
4233,اق براز,1,EAZ,آذربایجان شرقی
4995,مولان,1,EAZ,آذربایجان شرقی
1679,عاشقلو,1,EAZ,آذربایجان شرقی
8958,اسکلو (اسگلو),1,EAZ,آذربایجان شرقی
7154,یوزبند,1,EAZ,آذربایجان شرقی
4589,شهرک صنعتی کاغذکنان,1,EAZ,آذربایجان شرقی
6544,تیل,1,EAZ,آذربایجان شرقی
2582,لاریجان,1,EAZ,آذربایجان شرقی
2959,اسبفروشان,1,EAZ,آذربایجان شرقی
2040,ابرغان,1,EAZ,آذربایجان شرقی
2873,رازلیق,1,EAZ,آذربایجان شرقی
8537,اغمیون,1,EAZ,آذربایجان شرقی
6408,اردها,1,EAZ,آذربایجان شرقی
1763,قره چای حاج علی,1,EAZ,آذربایجان شرقی
7701,قره بابا,1,EAZ,آذربایجان شرقی
3066,سعیداباد-آذربایجان شرقی,1,EAZ,آذربایجان شرقی
6238,الانق,1,EAZ,آذربایجان شرقی
6620,کردکندی,1,EAZ,آذربایجان شرقی
9632,قره چمن,1,EAZ,آذربایجان شرقی
7284,ورجوی,1,EAZ,آذربایجان شرقی
6048,خداجو,1,EAZ,آذربایجان شرقی
6098,داش اتان,1,EAZ,آذربایجان شرقی
8813,داش بلاغ بازار,1,EAZ,آذربایجان شرقی
7296,صومعه,1,EAZ,آذربایجان شرقی
4267,علویان,1,EAZ,آذربایجان شرقی
7336,خضرلو,1,EAZ,آذربایجان شرقی
4366,ینگجه,1,EAZ,آذربایجان شرقی
1546,مهماندار,1,EAZ,آذربایجان شرقی
9740,خانیان,1,EAZ,آذربایجان شرقی
7361,دانالو,1,EAZ,آذربایجان شرقی
6256,رحمانلو,1,EAZ,آذربایجان شرقی
9733,زاوشت,1,EAZ,آذربایجان شرقی
5620,القو,1,EAZ,آذربایجان شرقی
5763,روشت بزرگ,1,EAZ,آذربایجان شرقی
4409,خوشه مهر (خواجه امیر),1,EAZ,آذربایجان شرقی
2973,زوارق,1,EAZ,آذربایجان شرقی
6413,خانه برق قدیم (شورخانه ب,1,EAZ,آذربایجان شرقی
551,لکلر,1,EAZ,آذربایجان شرقی
8939,بایقوت,1,EAZ,آذربایجان شرقی
8793,اروق,1,EAZ,آذربایجان شرقی
8772,اق منار,1,EAZ,آذربایجان شرقی
3930,طوراغای (طوراغایی ),1,EAZ,آذربایجان شرقی
9027,اوشندل,1,EAZ,آذربایجان شرقی
3639,علی ابادعلیا,1,EAZ,آذربایجان شرقی
3424,ذوالبین,1,EAZ,آذربایجان شرقی
5582,نظر کهریزی,1,EAZ,آذربایجان شرقی
3671,اتش بیگ,1,EAZ,آذربایجان شرقی
4462,سلوک,1,EAZ,آذربایجان شرقی
9490,نصیرابادسفلی(آذربایجان شرقی),1,EAZ,آذربایجان شرقی
896,ارسگنای سفلی,1,EAZ,آذربایجان شرقی
2272,سلطان اباد (آذربایجان شرقی),1,EAZ,آذربایجان شرقی
5151,قلعه حسین اباد,1,EAZ,آذربایجان شرقی
5682,ذاکرکندی,1,EAZ,آذربایجان شرقی
3315,قوچ احمد,1,EAZ,آذربایجان شرقی
4490,اغ زیارت,1,EAZ,آذربایجان شرقی
401,ارومیه,2,WAZ,آذربایجان غربی
402,پیرانشهر,2,WAZ,آذربایجان غربی
403,خوی,2,WAZ,آذربایجان غربی
404,سردشت,2,WAZ,آذربایجان غربی
405,سلماس,2,WAZ,آذربایجان غربی
407,مهاباد,2,WAZ,آذربایجان غربی
406,ماکو,2,WAZ,آذربایجان غربی
408,میاندوآب,2,WAZ,آذربایجان غربی
410,بوکان,2,WAZ,آذربایجان غربی
409,نقده,2,WAZ,آذربایجان غربی
411,شاهین دژ,2,WAZ,آذربایجان غربی
414,چالدران,2,WAZ,آذربایجان غربی
412,تکاب,2,WAZ,آذربایجان غربی
413,اشنویه,2,WAZ,آذربایجان غربی
415,پلدشت,2,WAZ,آذربایجان غربی
416,چایپاره,2,WAZ,آذربایجان غربی
417,شوط,2,WAZ,آذربایجان غربی
418,آواجیق,2,WAZ,آذربایجان غربی
419,باروق,2,WAZ,آذربایجان غربی
420,بازرگان,2,WAZ,آذربایجان غربی
421,تازه شهر,2,WAZ,آذربایجان غربی
422,چهاربرج,2,WAZ,آذربایجان غربی
423,خلیفان,2,WAZ,آذربایجان غربی
424,دیزج دیز,2,WAZ,آذربایجان غربی
425,ربط,2,WAZ,آذربایجان غربی
426,سرو,2,WAZ,آذربایجان غربی
427,سیلوانه,2,WAZ,آذربایجان غربی
428,سیمینه,2,WAZ,آذربایجان غربی
429,سیه چشمه,2,WAZ,آذربایجان غربی
430,فیرورق,2,WAZ,آذربایجان غربی
431,قره ضیاءالدین,2,WAZ,آذربایجان غربی
432,قطور,2,WAZ,آذربایجان غربی
433,قوشچی,2,WAZ,آذربایجان غربی
434,کشاورز,2,WAZ,آذربایجان غربی
435,گردکشانه,2,WAZ,آذربایجان غربی
436,محمدیار,2,WAZ,آذربایجان غربی
437,محمودآباد,2,WAZ,آذربایجان غربی
439,میرآباد,2,WAZ,آذربایجان غربی
440,نالوس,2,WAZ,آذربایجان غربی
441,نوشین,2,WAZ,آذربایجان غربی
3505,مرگنلر,2,WAZ,آذربایجان غربی
3506,نازک علیا,2,WAZ,آذربایجان غربی
4487,جلدیان,2,WAZ,آذربایجان غربی
682,گوگ تپه-آذربایجان غربی,2,WAZ,آذربایجان غربی
9111,شاهیندژ,2,WAZ,آذربایجان غربی
7254,باراندوز,2,WAZ,آذربایجان غربی
1484,دیزج دول,2,WAZ,آذربایجان غربی
4236,میاوق,2,WAZ,آذربایجان غربی
7896,ایبلو,2,WAZ,آذربایجان غربی
9928,طلاتپه,2,WAZ,آذربایجان غربی
2564,راژان,2,WAZ,آذربایجان غربی
8411,هاشم اباد,2,WAZ,آذربایجان غربی
5305,دیزج-آذربایجان غربی,2,WAZ,آذربایجان غربی
3861,زیوه,2,WAZ,آذربایجان غربی
1439,تویی,2,WAZ,آذربایجان غربی
7928,موانا,2,WAZ,آذربایجان غربی
9653,قره باغ,2,WAZ,آذربایجان غربی
1889,بهله,2,WAZ,آذربایجان غربی
7370,امام کندی,2,WAZ,آذربایجان غربی
4352,نازلو,2,WAZ,آذربایجان غربی
2470,کانسپی,2,WAZ,آذربایجان غربی
2546,ممکان,2,WAZ,آذربایجان غربی
5919,حسنلو,2,WAZ,آذربایجان غربی
9495,کهریزعجم,2,WAZ,آذربایجان غربی
9605,شیخ احمد,2,WAZ,آذربایجان غربی
557,بیگم قلعه,2,WAZ,آذربایجان غربی
6265,راهدانه,2,WAZ,آذربایجان غربی
7000,شاهوانه,2,WAZ,آذربایجان غربی
2169,ده شمس بزرگ,2,WAZ,آذربایجان غربی
4624,گلاز,2,WAZ,آذربایجان غربی
9139,لولکان,2,WAZ,آذربایجان غربی
478,سیاوان,2,WAZ,آذربایجان غربی
7723,کله کین,2,WAZ,آذربایجان غربی
9532,شین اباد,2,WAZ,آذربایجان غربی
4130,چیانه,2,WAZ,آذربایجان غربی
4548,بیکوس,2,WAZ,آذربایجان غربی
4384,هنگ اباد,2,WAZ,آذربایجان غربی
3226,پسوه,2,WAZ,آذربایجان غربی
3855,ریگ اباد,2,WAZ,آذربایجان غربی
4713,احمدغریب,2,WAZ,آذربایجان غربی
4750,سیه باز,2,WAZ,آذربایجان غربی
5471,بیله وار,2,WAZ,آذربایجان غربی
2649,ولدیان,2,WAZ,آذربایجان غربی
1389,قوروق,2,WAZ,آذربایجان غربی
1332,هندوان,2,WAZ,آذربایجان غربی
8111,بدلان,2,WAZ,آذربایجان غربی
4990,بلسورسفلی,2,WAZ,آذربایجان غربی
2541,استران,2,WAZ,آذربایجان غربی
2670,شیرین بلاغ,2,WAZ,آذربایجان غربی
4492,مراکان,2,WAZ,آذربایجان غربی
8512,چورس,2,WAZ,آذربایجان غربی
9971,قورول علیا,2,WAZ,آذربایجان غربی
6680,قره تپه,2,WAZ,آذربایجان غربی
5460,ریحانلوی علیا,2,WAZ,آذربایجان غربی
6479,زاویه سفلی,2,WAZ,آذربایجان غربی
2827,قم قشلاق,2,WAZ,آذربایجان غربی
6762,یولاگلدی,2,WAZ,آذربایجان غربی
4603,قرنقو,2,WAZ,آذربایجان غربی
8690,حسن کندی,2,WAZ,آذربایجان غربی
9587,وردان,2,WAZ,آذربایجان غربی
4961,قره قشلاق,2,WAZ,آذربایجان غربی
2648,تمر,2,WAZ,آذربایجان غربی
7960,ابگرم-آذربایجان غربی,2,WAZ,آذربایجان غربی
3676,سرنق,2,WAZ,آذربایجان غربی
2519,چهریق علیا,2,WAZ,آذربایجان غربی
8698,دلزی,2,WAZ,آذربایجان غربی
5156,اغ برزه,2,WAZ,آذربایجان غربی
9764,سنجی,2,WAZ,آذربایجان غربی
5797,خاتون باغ,2,WAZ,آذربایجان غربی
6733,حاجی حسن,2,WAZ,آذربایجان غربی
9453,سوگلی تپه,2,WAZ,آذربایجان غربی
9155,گلیجه,2,WAZ,آذربایجان غربی
2892,حاجی کند,2,WAZ,آذربایجان غربی
2954,باغچه,2,WAZ,آذربایجان غربی
1953,خورخوره-آذربایجان غربی,2,WAZ,آذربایجان غربی
2642,کاولان علیا,2,WAZ,آذربایجان غربی
6751,سیاقول علیا,2,WAZ,آذربایجان غربی
3927,اگریقاش,2,WAZ,آذربایجان غربی
7810,اوزون دره علیا,2,WAZ,آذربایجان غربی
7757,یکشوه,2,WAZ,آذربایجان غربی
8461,جوانمرد,2,WAZ,آذربایجان غربی
5911,اختتر,2,WAZ,آذربایجان غربی
8187,رحیم خان,2,WAZ,آذربایجان غربی
3056,گل تپه قورمیش,2,WAZ,آذربایجان غربی
2854,شلماش,2,WAZ,آذربایجان غربی
7108,بیوران سفلی,2,WAZ,آذربایجان غربی
598,زمزیران,2,WAZ,آذربایجان غربی
7962,اقبال,2,WAZ,آذربایجان غربی
9746,ملاشهاب الدین,2,WAZ,آذربایجان غربی
7355,للکلو,2,WAZ,آذربایجان غربی
2468,بگتاش,2,WAZ,آذربایجان غربی
3663,چهار برج,2,WAZ,آذربایجان غربی
3751,گوگ تپه خالصه,2,WAZ,آذربایجان غربی
4120,تک اغاج,2,WAZ,آذربایجان غربی
7419,هاچاسو,2,WAZ,آذربایجان غربی
7301,هولاسو,2,WAZ,آذربایجان غربی
4518,قوزلوی افشار,2,WAZ,آذربایجان غربی
7322,الی چین,2,WAZ,آذربایجان غربی
5602,حیدرباغی,2,WAZ,آذربایجان غربی
6251,حمزه قاسم,2,WAZ,آذربایجان غربی
5281,اوغول بیگ,2,WAZ,آذربایجان غربی
4975,دورباش,2,WAZ,آذربایجان غربی
5201,اقابیگ,2,WAZ,آذربایجان غربی
9239,احمدابادسفلی,2,WAZ,آذربایجان غربی
2401,اردبیل,3,ADL,اردبیل
2402,بیله سوار,3,ADL,اردبیل
2403,خلخال,3,ADL,اردبیل
2404,مشگین شهر,3,ADL,اردبیل
2405,گرمی,3,ADL,اردبیل
2406,پارس آباد,3,ADL,اردبیل
2407,کوثر,3,ADL,اردبیل
2408,نمین,3,ADL,اردبیل
2409,نیر,3,ADL,اردبیل
2410,سرعین,3,ADL,اردبیل
2411,اصلاندوز,3,ADL,اردبیل
2412,آبی بیگلو,3,ADL,اردبیل
2414,تازه کندانگوت,3,ADL,اردبیل
2415,جعفرآباد,3,ADL,اردبیل
2416,رضی,3,ADL,اردبیل
2417,عنبران,3,ADL,اردبیل
2418,فخرآباد,3,ADL,اردبیل
2419,کلور,3,ADL,اردبیل
2420,کوراییم,3,ADL,اردبیل
2421,گیوی,3,ADL,اردبیل
2422,لاهرود,3,ADL,اردبیل
2423,مرادلو,3,ADL,اردبیل
2424,هشتجین,3,ADL,اردبیل
2425,هیر,3,ADL,اردبیل
3507,اسلام اباد,3,ADL,اردبیل
3508,قصابه,3,ADL,اردبیل
3237,ننه کران,3,ADL,اردبیل
6481,گرده,3,ADL,اردبیل
7876,ثمرین,3,ADL,اردبیل
3848,اردیموسی,3,ADL,اردبیل
3983,کورائیم,3,ADL,اردبیل
8862,مهماندوست علیا,3,ADL,اردبیل
3409,بقراباد,3,ADL,اردبیل
3199,بودالالو,3,ADL,اردبیل
1982,اراللوی بزرگ,3,ADL,اردبیل
6962,دیزج-اردبیل,3,ADL,اردبیل
1337,حمزه خانلو,3,ADL,اردبیل
9440,زهرا,3,ADL,اردبیل
5440,انی علیا,3,ADL,اردبیل
8736,قاسم کندی,3,ADL,اردبیل
6631,قره اغاج پایین,3,ADL,اردبیل
1841,پریخان,3,ADL,اردبیل
1859,قوشه سفلی,3,ADL,اردبیل
4587,گنجوبه,3,ADL,اردبیل
4994,گوگ تپه-اردبیل,3,ADL,اردبیل
460,انجیرلو,3,ADL,اردبیل
8324,جعفر آباد,3,ADL,اردبیل
8837,قشلاق اغداش کلام,3,ADL,اردبیل
2598,خورخورسفلی,3,ADL,اردبیل
2948,شورگل,3,ADL,اردبیل
6132,نظرعلی بلاغی,3,ADL,اردبیل
8210,لنبر,3,ADL,اردبیل
7498,فیروزاباد(اردبیل),3,ADL,اردبیل
7184,خلفلو,3,ADL,اردبیل
2833,برندق,3,ADL,اردبیل
7447,تازه کندجدید,3,ADL,اردبیل
8232,گوشلو,3,ADL,اردبیل
5757,اق قباق علیا,3,ADL,اردبیل
580,شهرک غفاری,3,ADL,اردبیل
197,بران علیا,3,ADL,اردبیل
1001,اردستان,4,ESF,اصفهان
1002,اصفهان,4,ESF,اصفهان
1003,خمینی شهر,4,ESF,اصفهان
1004,خوانسار,4,ESF,اصفهان
1005,سمیرم,4,ESF,اصفهان
1006,فریدن,4,ESF,اصفهان
1007,فریدونشهر,4,ESF,اصفهان
1008,فلاورجان,4,ESF,اصفهان
1009,شهرضا,4,ESF,اصفهان
1010,کاشان,4,ESF,اصفهان
1011,گلپایگان,4,ESF,اصفهان
1012,لنجان,4,ESF,اصفهان
1013,نایین,4,ESF,اصفهان
1014,نجف آباد,4,ESF,اصفهان
1015,نطنز,4,ESF,اصفهان
1017,مبارکه,4,ESF,اصفهان
1018,آران وبیدگل,4,ESF,اصفهان
1019,تیران وکرون,4,ESF,اصفهان
1020,چادگان,4,ESF,اصفهان
1021,دهاقان,4,ESF,اصفهان
1022,برخوار,4,ESF,اصفهان
1023,خور و بیابانک,4,ESF,اصفهان
1026,ابریشم,4,ESF,اصفهان
1027,ابوزیدآباد,4,ESF,اصفهان
1028,اژیه,4,ESF,اصفهان
1029,افوس,4,ESF,اصفهان
1030,انارک,4,ESF,اصفهان
1031,ایمانشهر,4,ESF,اصفهان
1032,بادرود,4,ESF,اصفهان
1033,باغ بهادران,4,ESF,اصفهان
1034,بافران,4,ESF,اصفهان
1035,برزک,4,ESF,اصفهان
1036,برف انبار,4,ESF,اصفهان
1038,بهاران شهر,4,ESF,اصفهان
1039,بهارستان,4,ESF,اصفهان
1040,پیربکران,4,ESF,اصفهان
1041,تودشک,4,ESF,اصفهان
1042,تیران,4,ESF,اصفهان
1043,جندق,4,ESF,اصفهان
1044,جوزدان,4,ESF,اصفهان
1045,جوشقان وکامو,4,ESF,اصفهان
1046,چرمهین,4,ESF,اصفهان
1047,چمگردان,4,ESF,اصفهان
1048,حبیب آباد,4,ESF,اصفهان
1049,حسن آباد,4,ESF,اصفهان
1050,حنا,4,ESF,اصفهان
1051,خالدآباد,4,ESF,اصفهان
1052,خور,4,ESF,اصفهان
1053,خوراسگان,4,ESF,اصفهان
1054,خورزوق,4,ESF,اصفهان
1055,داران,4,ESF,اصفهان
1056,دامنه,4,ESF,اصفهان
1057,درچه پیاز,4,ESF,اصفهان
1058,دستگرد,4,ESF,اصفهان
1059,دولت آباد,4,ESF,اصفهان
1060,دهق,4,ESF,اصفهان
1061,دیزیچه,4,ESF,اصفهان
1062,رزوه,4,ESF,اصفهان
1063,رضوانشهر,4,ESF,اصفهان
1064,زاینده رود,4,ESF,اصفهان
1065,زرین شهر,4,ESF,اصفهان
1066,زواره,4,ESF,اصفهان
1067,زیباشهر,4,ESF,اصفهان
1068,سده لنجان,4,ESF,اصفهان
1069,سفیدشهر,4,ESF,اصفهان
1070,سگزی,4,ESF,اصفهان
1071,شاپورآباد,4,ESF,اصفهان
1072,شاهین شهر,4,ESF,اصفهان
1073,طالخونچه,4,ESF,اصفهان
1074,عسگران,4,ESF,اصفهان
1076,فرخی,4,ESF,اصفهان
1077,فولادشهر,4,ESF,اصفهان
1078,قمصر,4,ESF,اصفهان
1079,قهجاورستان,4,ESF,اصفهان
1080,قهدریجان,4,ESF,اصفهان
1081,کرکوند,4,ESF,اصفهان
1082,کلیشادوسودرجان,4,ESF,اصفهان
1083,کمشچه,4,ESF,اصفهان
1084,کمه,4,ESF,اصفهان
1085,کوشک,4,ESF,اصفهان
1086,کوهپایه,4,ESF,اصفهان
1087,کهریزسنگ,4,ESF,اصفهان
1088,گرگاب,4,ESF,اصفهان
1089,گزبرخوار,4,ESF,اصفهان
1090,گلدشت,4,ESF,اصفهان
1091,گلشن,4,ESF,اصفهان
1092,گلشهر,4,ESF,اصفهان
1093,گوگد,4,ESF,اصفهان
1094,لای بید,4,ESF,اصفهان
1095,محمدآباد,4,ESF,اصفهان
1096,مشکات,4,ESF,اصفهان
1097,منظریه,4,ESF,اصفهان
1098,مهاباد,4,ESF,اصفهان
1099,میمه,4,ESF,اصفهان
1150,نصرآباد,4,ESF,اصفهان
1151,نوش آباد,4,ESF,اصفهان
1152,نیاسر,4,ESF,اصفهان
1153,نیک آباد,4,ESF,اصفهان
1154,ورزنه,4,ESF,اصفهان
1155,ورنامخواست,4,ESF,اصفهان
1156,وزوان,4,ESF,اصفهان
1157,ونک,4,ESF,اصفهان
1025,هرند,4,ESF,اصفهان
2574,سپاهان شهر,4,ESF,اصفهان
2575,ملک شهر,4,ESF,اصفهان
3509,اصغراباد,4,ESF,اصفهان
3510,باغشاد,4,ESF,اصفهان
3511,بویین ومیاندشت,4,ESF,اصفهان
3512,زازران,4,ESF,اصفهان
3513,زیار,4,ESF,اصفهان
3515,سین,4,ESF,اصفهان
3516,طرق رود,4,ESF,اصفهان
3517,علویجه,4,ESF,اصفهان
3518,کامو و چوگان,4,ESF,اصفهان
3519,مجلسی,4,ESF,اصفهان
5990,منطقه صنعتی محموداباد,4,ESF,اصفهان
1270,مورچه خورت,4,ESF,اصفهان
3034,نائین,4,ESF,اصفهان
5880,اسفرجان,4,ESF,اصفهان
2043,مهرگرد,4,ESF,اصفهان
2245,جوشقان استرک,4,ESF,اصفهان
5686,آران و بیدگل,4,ESF,اصفهان
1450,گورت,4,ESF,اصفهان
6382,دستجا,4,ESF,اصفهان
9723,پادگان اموزشی امام ص,4,ESF,اصفهان
7528,پالایشگاه اصفهان,4,ESF,اصفهان
3954,کلهرود,4,ESF,اصفهان
3971,گز برخوار,4,ESF,اصفهان
4373,موته,4,ESF,اصفهان
9690,رباطاقاکمال,4,ESF,اصفهان
7416,خسرواباد-اصفهان,4,ESF,اصفهان
8757,مزیک,4,ESF,اصفهان
8481,مهرجان,4,ESF,اصفهان
3822,بیاضه,4,ESF,اصفهان
6775,چوپانان,4,ESF,اصفهان
2288,بلان,4,ESF,اصفهان
5608,حسن اباد-اصفهان,4,ESF,اصفهان
4811,کچومثقال,4,ESF,اصفهان
1284,ظفرقند,4,ESF,اصفهان
3364,نهوج,4,ESF,اصفهان
9251,نیسیان,4,ESF,اصفهان
7001,ومکان,4,ESF,اصفهان
9597,همسار,4,ESF,اصفهان
6138,فسخود,4,ESF,اصفهان
3979,فوداز,4,ESF,اصفهان
8265,اشکستان,4,ESF,اصفهان
3750,کجان,4,ESF,اصفهان
4468,نیستانک,4,ESF,اصفهان
4524,تیرانچی,4,ESF,اصفهان
3968,قلعه امیریه,4,ESF,اصفهان
4477,درقه,4,ESF,اصفهان
4128,شهراب-اصفهان,4,ESF,اصفهان
7820,تورزن,4,ESF,اصفهان
7940,کریم اباد-اصفهان,4,ESF,اصفهان
7343,تلک اباد,4,ESF,اصفهان
2373,موغار,4,ESF,اصفهان
2533,خوانسارک,4,ESF,اصفهان
6750,کرسگان,4,ESF,اصفهان
9700,سهروفیروزان,4,ESF,اصفهان
5049,شرودان,4,ESF,اصفهان
6020,جوجیل,4,ESF,اصفهان
6289,نوگوران,4,ESF,اصفهان
7430,کرچگان,4,ESF,اصفهان
6654,دهسرخ,4,ESF,اصفهان
6140,پلی اکریل,4,ESF,اصفهان
4400,فولادمبارکه,4,ESF,اصفهان
2382,چم نور,4,ESF,اصفهان
8362,کچوییه,4,ESF,اصفهان
3789,اشیان,4,ESF,اصفهان
5827,تاسیسات سدنکواباد,4,ESF,اصفهان
9078,ورپشت,4,ESF,اصفهان
1690,عزیزاباد-اصفهان,4,ESF,اصفهان
7808,میراباد-اصفهان,4,ESF,اصفهان
3169,حاجی اباد(اصفهان),4,ESF,اصفهان
9343,خیراباد-اصفهان,4,ESF,اصفهان
9352,اشن,4,ESF,اصفهان
2751,خونداب,4,ESF,اصفهان
8414,حسین اباد-اصفهان,4,ESF,اصفهان
4076,غرغن,4,ESF,اصفهان
7017,بوئین و میاندشت,4,ESF,اصفهان
1569,بلطاق,4,ESF,اصفهان
290,کرچ,4,ESF,اصفهان
5707,قره بلطاق,4,ESF,اصفهان
6223,سازمان عمران زاینده رود,4,ESF,اصفهان
9450,مشهدکاوه,4,ESF,اصفهان
7031,اسکندری,4,ESF,اصفهان
7956,نهرخلج,4,ESF,اصفهان
9492,چاه غلامرضارحیمی,4,ESF,اصفهان
1396,اورگان-اصفهان,4,ESF,اصفهان
6038,نهضت اباد,4,ESF,اصفهان
4419,قلعه سرخ,4,ESF,اصفهان
2653,اسلام ابادموگویی,4,ESF,اصفهان
6071,مصیر,4,ESF,اصفهان
8727,قمشلو,4,ESF,اصفهان
4523,پوده,4,ESF,اصفهان
7835,مهیار,4,ESF,اصفهان
9718,پرزان,4,ESF,اصفهان
5685,منوچهراباد,4,ESF,اصفهان
4022,شهرک صنایع شیمیایی ر,4,ESF,اصفهان
6933,همگین,4,ESF,اصفهان
1691,کهرویه,4,ESF,اصفهان
6952,قصرچم,4,ESF,اصفهان
8938,امین اباد,4,ESF,اصفهان
5454,مقصودبیک,4,ESF,اصفهان
6784,سولار,4,ESF,اصفهان
3097,منظریه (شهرضا-اصفهان),4,ESF,اصفهان
7652,گرموک,4,ESF,اصفهان
5006,هست,4,ESF,اصفهان
9570,کهنگان,4,ESF,اصفهان
445,مورک,4,ESF,اصفهان
4762,چهارراه,4,ESF,اصفهان
9448,ده نسا سفلی,4,ESF,اصفهان
4888,اغداش,4,ESF,اصفهان
3854,چشمه رحمان,4,ESF,اصفهان
9071,ورق,4,ESF,اصفهان
2771,سعادت اباد,4,ESF,اصفهان
7332,فتح اباد-اصفهان,4,ESF,اصفهان
4016,سن سن,4,ESF,اصفهان
3982,ده زیره,4,ESF,اصفهان
2570,رحق,4,ESF,اصفهان
8227,اب شیرین,4,ESF,اصفهان
7771,نشلج,4,ESF,اصفهان
4295,مزرعه صدر,4,ESF,اصفهان
2737,کاغذی,4,ESF,اصفهان
8168,قهرود,4,ESF,اصفهان
5643,جوشقان و کامو,4,ESF,اصفهان
4896,اسحق اباد-اصفهان,4,ESF,اصفهان
3322,وادقان,4,ESF,اصفهان
4593,اذان,4,ESF,اصفهان
9161,اریسمان,4,ESF,اصفهان
3171,ابیانه,4,ESF,اصفهان
1673,خالدآ باد,4,ESF,اصفهان
7392,اوره,4,ESF,اصفهان
8399,ملازجان,4,ESF,اصفهان
5731,سعیداباد-اصفهان,4,ESF,اصفهان
5884,مرغ,4,ESF,اصفهان
6205,قرغن,4,ESF,اصفهان
8812,کوچری,4,ESF,اصفهان
6903,کلوچان,4,ESF,اصفهان
8723,زرنجان,4,ESF,اصفهان
5093,وانشان,4,ESF,اصفهان
8017,تیکن,4,ESF,اصفهان
3334,سنگ سفید,4,ESF,اصفهان
2931,رحمت اباد,4,ESF,اصفهان
8911,خم پیچ,4,ESF,اصفهان
3718,مهراباد(اصفهان),4,ESF,اصفهان
3452,تیدجان,4,ESF,اصفهان
8532,ویست,4,ESF,اصفهان
3001,کرج,5,ABZ,البرز
3002,ساوجبلاغ,5,ABZ,البرز
3003,نظرآباد,5,ABZ,البرز
3004,طالقان,5,ABZ,البرز
3005,اشتهارد,5,ABZ,البرز
3006,فردیس,5,ABZ,البرز
3007,هشتگرد,5,ABZ,البرز
3008,آسارا,5,ABZ,البرز
3009,تنکمان,5,ABZ,البرز
3010,چهارباغ,5,ABZ,البرز
3011,سیف آباد,5,ABZ,البرز
3012,شهرجدیدهشتگرد,5,ABZ,البرز
3013,کمال شهر,5,ABZ,البرز
3014,کوهسار,5,ABZ,البرز
3015,گرمدره,5,ABZ,البرز
3016,ماهدشت,5,ABZ,البرز
3017,محمدشهر,5,ABZ,البرز
3018,مشکین دشت,5,ABZ,البرز
3520,گلسار,5,ABZ,البرز
6912,ادران,5,ABZ,البرز
8929,کمالشهر,5,ABZ,البرز
1601,ایلام,6,ILM,ایلام
1602,دره شهر,6,ILM,ایلام
1603,دهلران,6,ILM,ایلام
1604,چرداول,6,ILM,ایلام
1605,مهران,6,ILM,ایلام
1606,آبدانان,6,ILM,ایلام
1607,ایوان,6,ILM,ایلام
1608,ملکشاهی,6,ILM,ایلام
1609,سیروان,6,ILM,ایلام
1610,بدره,6,ILM,ایلام
1611,ارکواز,6,ILM,ایلام
1612,آسمان آباد,6,ILM,ایلام
1613,پهله,6,ILM,ایلام
1614,توحید,6,ILM,ایلام
1615,چوار,6,ILM,ایلام
1616,دلگشا,6,ILM,ایلام
1617,زرنه,6,ILM,ایلام
1618,سراب باغ,6,ILM,ایلام
1619,سرابله,6,ILM,ایلام
1620,صالح آباد,6,ILM,ایلام
1621,لومار,6,ILM,ایلام
1622,مورموری,6,ILM,ایلام
1623,موسیان,6,ILM,ایلام
1624,میمه ,6,ILM,ایلام
1625,شباب,6,ILM,ایلام
1626,کهره,6,ILM,ایلام
1627,هلیلان,6,ILM,ایلام
3521,بلاوه,6,ILM,ایلام
3522,ماژین,6,ILM,ایلام
4791,سرآبله,6,ILM,ایلام
6192,چنارباشی,6,ILM,ایلام
5108,بیشه دراز,6,ILM,ایلام
2354,چشمه کبود,6,ILM,ایلام
7169,بانویزه,6,ILM,ایلام
292,چمن سیدمحمد,6,ILM,ایلام
9307,شورابه ملک,6,ILM,ایلام
9771,کلان,6,ILM,ایلام
8546,بلاوه تره سفلی,6,ILM,ایلام
2369,سراب کارزان,6,ILM,ایلام
7871,شهرک سرتنگ,6,ILM,ایلام
7292,علی اباد-ایلام,6,ILM,ایلام
7505,ارمو,6,ILM,ایلام
5097,چشمه شیرین,6,ILM,ایلام
2508,شهرک ولیعصر,6,ILM,ایلام
1764,گنداب,6,ILM,ایلام
3696,ژیور,6,ILM,ایلام
4604,سیاه گل,6,ILM,ایلام
2657,اب انار,6,ILM,ایلام
9979,چم هندی,6,ILM,ایلام
7268,گولاب,6,ILM,ایلام
7612,عین خوش,6,ILM,ایلام
9411,دشت عباس,6,ILM,ایلام
6615,شهرک اسلامیه,6,ILM,ایلام
6018,دول کبودخوشادول,6,ILM,ایلام
1887,پاریاب,6,ILM,ایلام
1801,بوشهر,7,BHR,بوشهر
1802,تنگستان,7,BHR,بوشهر
1803,دشتستان,7,BHR,بوشهر
1804,دشتی,7,BHR,بوشهر
1805,دیر,7,BHR,بوشهر
1806,کنگان,7,BHR,بوشهر
1810,عسلویه,7,BHR,بوشهر
1807,گناوه,7,BHR,بوشهر
1808,دیلم,7,BHR,بوشهر
1809,جم,7,BHR,بوشهر
1812,امام حسن,7,BHR,بوشهر
1813,انارستان,7,BHR,بوشهر
1814,اهرم,7,BHR,بوشهر
1815,آبپخش,7,BHR,بوشهر
1816,آبدان,7,BHR,بوشهر
1817,برازجان,7,BHR,بوشهر
1818,بردخون,7,BHR,بوشهر
1819,بندردیر,7,BHR,بوشهر
1820,بندردیلم,7,BHR,بوشهر
1821,بندرریگ,7,BHR,بوشهر
1822,بندرکنگان,7,BHR,بوشهر
1823,بندرگناوه,7,BHR,بوشهر
1824,بنک,7,BHR,بوشهر
1825,تنگ ارم,7,BHR,بوشهر
1826,چغادک,7,BHR,بوشهر
1827,خارک,7,BHR,بوشهر
1828,خورموج,7,BHR,بوشهر
1829,دالکی,7,BHR,بوشهر
1830,دلوار,7,BHR,بوشهر
1831,ریز,7,BHR,بوشهر
1832,سعدآباد,7,BHR,بوشهر
1833,سیراف,7,BHR,بوشهر
1834,شبانکاره,7,BHR,بوشهر
1835,شنبه,7,BHR,بوشهر
1836,کاکی,7,BHR,بوشهر
1837,کلمه,7,BHR,بوشهر
1838,نخل تقی,7,BHR,بوشهر
1839,وحدتیه,7,BHR,بوشهر
1811,بردستان,7,BHR,بوشهر
3523,اباد,7,BHR,بوشهر
3525,بادوله,7,BHR,بوشهر
3526,بوشکان,7,BHR,بوشهر
3527,دوراهک,7,BHR,بوشهر
4180,بندر ریگ,7,BHR,بوشهر
9335,چهارروستایی,7,BHR,بوشهر
6459,شول,7,BHR,بوشهر
5192,بندر دیلم,7,BHR,بوشهر
6235,بنه گز,7,BHR,بوشهر
5667,ابگرمک,7,BHR,بوشهر
2301,تهران,8,THR,تهران
2302,دماوند,8,THR,تهران
2303,ری,8,THR,تهران
2317,ملارد,8,THR,تهران
2318,پیشوا,8,THR,تهران
2319,بهارستان,8,THR,تهران
2320,پردیس,8,THR,تهران
2304,شمیرانات,8,THR,تهران
2306,ورامین,8,THR,تهران
2309,شهریار,8,THR,تهران
2310,اسلامشهر,8,THR,تهران
2312,رباط کریم,8,THR,تهران
2313,پاکدشت,8,THR,تهران
2314,فیروزکوه,8,THR,تهران
2316,قدس,8,THR,تهران
2321,قرچک,8,THR,تهران
2324,ارجمند,8,THR,تهران
2325,اندیشه,8,THR,تهران
2326,آبسرد,8,THR,تهران
2327,آبعلی,8,THR,تهران
2328,باغستان,8,THR,تهران
2329,باقرشهر,8,THR,تهران
2330,بومهن,8,THR,تهران
2331,جوادآباد,8,THR,تهران
2332,چهاردانگه,8,THR,تهران
2333,حسن آباد ,8,THR,تهران
2334,رودهن,8,THR,تهران
2335,شاهدشهر,8,THR,تهران
2336,شریف آباد,8,THR,تهران
2337,صالح آباد ,8,THR,تهران
2338,صفادشت,8,THR,تهران
2339,فردوسیه,8,THR,تهران
2340,فرون آباد,8,THR,تهران
2341,فشم,8,THR,تهران
2342,کهریزک,8,THR,تهران
2343,کیلان,8,THR,تهران
2344,گلستان,8,THR,تهران
2345,لواسان,8,THR,تهران
2346,نسیم شهر,8,THR,تهران
2347,نصیرآباد,8,THR,تهران
2348,وحیدیه,8,THR,تهران
2322,پرند,8,THR,تهران
2323,صباشهر,8,THR,تهران
6800,کن,8,THR,تهران
3529,شمشک,8,THR,تهران
3530,صالحیه,8,THR,تهران
3531,نصیرشهر,8,THR,تهران
3532,احمد اباد مستوفی,8,THR,تهران
3533,تجریش,8,THR,تهران
4231,رباطکریم,8,THR,تهران
4795,جاجرود(خسروآباد),8,THR,تهران
9729,شهرصنعتی خرمدشت,8,THR,تهران
640,باقر شهر,8,THR,تهران
6609,جعفرابادباقراف,8,THR,تهران
8963,مرقدامام ره,8,THR,تهران
7451,طورقوزاباد,8,THR,تهران
2173,قاسم ابادشوراباد,8,THR,تهران
5109,ابراهیم اباد-تهران,8,THR,تهران
7625,چرمشهر,8,THR,تهران
6989,قلعه محمدعلی خان,8,THR,تهران
8935,فرودگاه امام خمینی,8,THR,تهران
5505,وهن اباد,8,THR,تهران
5755,قلعه نوخالصه,8,THR,تهران
5066,گل تپه کبیر,8,THR,تهران
5807,محمودابادپیرزاده,8,THR,تهران
5670,فرون اباد,8,THR,تهران
4150,خاورشهر,8,THR,تهران
73,لپه زنگ,8,THR,تهران
3368,قیامدشت,8,THR,تهران
6714,قوچ حصار,8,THR,تهران
7149,خلازیر,8,THR,تهران
2266,شهرک صنعتی نصیرشهر,8,THR,تهران
8817,شهرک قلعه میر,8,THR,تهران
3340,احمدابادمستوفی,8,THR,تهران
1553,فیروزبهرام,8,THR,تهران
8601,گلدسته,8,THR,تهران
6923,شاطره,8,THR,تهران
9012,سعیدآباد(تهران),8,THR,تهران
5031,لواسان بزرگ,8,THR,تهران
1186,لم اباد,8,THR,تهران
5556,قلعه سین,8,THR,تهران
8560,عسگرابادعباسی,8,THR,تهران
5071,دهماسین,8,THR,تهران
3074,باغخواص,8,THR,تهران
8416,ایجدان,8,THR,تهران
9840,ابباریک,8,THR,تهران
4422,جواد آباد,8,THR,تهران
8578,خاوه,8,THR,تهران
8195,جلیل اباد,8,THR,تهران
9646,کریم اباد-تهران,8,THR,تهران
6823,شهرک عباس آباد,8,THR,تهران
3464,داوداباد(تهران),8,THR,تهران
3103,پارچین,8,THR,تهران
4480,حصارامیر,8,THR,تهران
3416,خاتون اباد-تهران,8,THR,تهران
6851,شهر صنعتی پرند,8,THR,تهران
7030,سلطان اباد-تهران,8,THR,تهران
9549,حصارک پایین,8,THR,تهران
6207,حصارک بالا,8,THR,تهران
3787,سبزدشت,8,THR,تهران
6316,احمدآبادجانسپار,8,THR,تهران
7567,اسماعیل آباد,8,THR,تهران
4923,جابان,8,THR,تهران
4041,سربندان,8,THR,تهران
9424,مهرآباد(دماوند-تهران),8,THR,تهران
1469,مشا,8,THR,تهران
6445,مرا,8,THR,تهران
1024,هرانده,8,THR,تهران
6159,درده,8,THR,تهران
4287,حصاربن,8,THR,تهران
1401,بروجن,9,CHB,چهار محال بختیاری
1402,شهرکرد,9,CHB,چهار محال بختیاری
1403,فارسان,9,CHB,چهار محال بختیاری
1406,کوهرنگ,9,CHB,چهار محال بختیاری
1404,لردگان,9,CHB,چهار محال بختیاری
1405,اردل,9,CHB,چهار محال بختیاری
1407,کیار,9,CHB,چهار محال بختیاری
1408,سامان,9,CHB,چهار محال بختیاری
1409,بن,9,CHB,چهار محال بختیاری
1410,خانمیرزا,9,CHB,چهار محال بختیاری
1411,آلونی,9,CHB,چهار محال بختیاری
1412,باباحیدر,9,CHB,چهار محال بختیاری
1413,بلداجی,9,CHB,چهار محال بختیاری
1414,جونقان,9,CHB,چهار محال بختیاری
1415,چلگرد,9,CHB,چهار محال بختیاری
1416,سفیددشت,9,CHB,چهار محال بختیاری
1417,سودجان,9,CHB,چهار محال بختیاری
1418,سورشجان,9,CHB,چهار محال بختیاری
1419,شلمزار,9,CHB,چهار محال بختیاری
1420,طاقانک,9,CHB,چهار محال بختیاری
1421,فرادنبه,9,CHB,چهار محال بختیاری
1422,فرخ شهر,9,CHB,چهار محال بختیاری
1423,کیان,9,CHB,چهار محال بختیاری
1424,گندمان,9,CHB,چهار محال بختیاری
1425,گهرو,9,CHB,چهار محال بختیاری
1426,مال خلیفه,9,CHB,چهار محال بختیاری
1427,ناغان,9,CHB,چهار محال بختیاری
1428,نافچ,9,CHB,چهار محال بختیاری
1429,نقنه,9,CHB,چهار محال بختیاری
1430,هفشجان,9,CHB,چهار محال بختیاری
3534,بازفت,9,CHB,چهار محال بختیاری
3535,پردنجان,9,CHB,چهار محال بختیاری
3536,چلیچه,9,CHB,چهار محال بختیاری
3537,دستنا,9,CHB,چهار محال بختیاری
3538,دشتک,9,CHB,چهار محال بختیاری
3539,سرخون,9,CHB,چهار محال بختیاری
3540,صمصامی,9,CHB,چهار محال بختیاری
3542,کاج,9,CHB,چهار محال بختیاری
3543,گوجان,9,CHB,چهار محال بختیاری
3544,منج,9,CHB,چهار محال بختیاری
3545,هارونی,9,CHB,چهار محال بختیاری
9562,دزک,9,CHB,چهار محال بختیاری
2628,خراجی,9,CHB,چهار محال بختیاری
2536,دستناء,9,CHB,چهار محال بختیاری
7280,مرغملک,9,CHB,چهار محال بختیاری
9767,وردنجان,9,CHB,چهار محال بختیاری
3339,شهریاری,9,CHB,چهار محال بختیاری
9596,سفید دشت,9,CHB,چهار محال بختیاری
4808,اورگان-چهارمحال و بختیاری,9,CHB,چهار محال بختیاری
8206,امام قیس,9,CHB,چهار محال بختیاری
8994,گل سفید,9,CHB,چهار محال بختیاری
7487,چوله دان,9,CHB,چهار محال بختیاری
7664,چمن بید,9,CHB,چهار محال بختیاری
2901,بیرجند,10,SKH,خراسان جنوبی
2902,درمیان,10,SKH,خراسان جنوبی
2903,سربیشه,10,SKH,خراسان جنوبی
2904,قاینات,10,SKH,خراسان جنوبی
2905,نهبندان,10,SKH,خراسان جنوبی
2906,سرایان,10,SKH,خراسان جنوبی
2907,فردوس,10,SKH,خراسان جنوبی
2908,بشرویه,10,SKH,خراسان جنوبی
2909,زیرکوه,10,SKH,خراسان جنوبی
2910,خوسف,10,SKH,خراسان جنوبی
2911,طبس,10,SKH,خراسان جنوبی
2912,ارسک,10,SKH,خراسان جنوبی
2913,اسدیه,10,SKH,خراسان جنوبی
2914,اسفدن,10,SKH,خراسان جنوبی
2915,اسلامیه,10,SKH,خراسان جنوبی
2916,آرین شهر,10,SKH,خراسان جنوبی
2917,آیسک,10,SKH,خراسان جنوبی
2918,حاجی آباد,10,SKH,خراسان جنوبی
2919,خضری دشت بیاض,10,SKH,خراسان جنوبی
2920,زهان,10,SKH,خراسان جنوبی
2921,سه قلعه,10,SKH,خراسان جنوبی
2922,شوسف,10,SKH,خراسان جنوبی
2923,طبس مسینا,10,SKH,خراسان جنوبی
2925,قهستان,10,SKH,خراسان جنوبی
2926,گزیک,10,SKH,خراسان جنوبی
2927,محمد شهر,10,SKH,خراسان جنوبی
2928,مود,10,SKH,خراسان جنوبی
2929,نیمبلوک,10,SKH,خراسان جنوبی
3546,قاین,10,SKH,خراسان جنوبی
5525,بیهود,10,SKH,خراسان جنوبی
4094,آبیز,10,SKH,خراسان جنوبی
7783,درح,10,SKH,خراسان جنوبی
2387,گزو,10,SKH,خراسان جنوبی
904,تایباد,11,RKH,خراسان رضوی
905,تربت حیدریه,11,RKH,خراسان رضوی
906,تربت جام,11,RKH,خراسان رضوی
908,سبزوار,11,RKH,خراسان رضوی
907,درگز,11,RKH,خراسان رضوی
913,قوچان,11,RKH,خراسان رضوی
914,کاشمر,11,RKH,خراسان رضوی
915,گناباد,11,RKH,خراسان رضوی
916,مشهد,11,RKH,خراسان رضوی
917,نیشابور,11,RKH,خراسان رضوی
918,چناران,11,RKH,خراسان رضوی
919,خواف,11,RKH,خراسان رضوی
920,سرخس,11,RKH,خراسان رضوی
922,فریمان,11,RKH,خراسان رضوی
923,بردسکن,11,RKH,خراسان رضوی
927,رشتخوار,11,RKH,خراسان رضوی
930,مه ولات,11,RKH,خراسان رضوی
928,کلات,11,RKH,خراسان رضوی
929,خلیل آباد,11,RKH,خراسان رضوی
931,بجستان,11,RKH,خراسان رضوی
932,بینالود,11,RKH,خراسان رضوی
933,فیروزه,11,RKH,خراسان رضوی
934,جغتای,11,RKH,خراسان رضوی
935,زاوه,11,RKH,خراسان رضوی
936,جوین,11,RKH,خراسان رضوی
937,باخرز,11,RKH,خراسان رضوی
938,خوشاب,11,RKH,خراسان رضوی
939,داورزن,11,RKH,خراسان رضوی
940,صالح آباد,11,RKH,خراسان رضوی
941,احمدآبادصولت,11,RKH,خراسان رضوی
942,انابد,11,RKH,خراسان رضوی
943,باجگیران,11,RKH,خراسان رضوی
944,بار,11,RKH,خراسان رضوی
945,بایگ,11,RKH,خراسان رضوی
946,بیدخت,11,RKH,خراسان رضوی
947,جنگل,11,RKH,خراسان رضوی
948,چاپشلو,11,RKH,خراسان رضوی
949,چکنه,11,RKH,خراسان رضوی
950,خرو,11,RKH,خراسان رضوی
951,درود,11,RKH,خراسان رضوی
952,دولت آباد ,11,RKH,خراسان رضوی
953,رباط سنگ,11,RKH,خراسان رضوی
954,رضویه,11,RKH,خراسان رضوی
955,روداب,11,RKH,خراسان رضوی
956,ریوش,11,RKH,خراسان رضوی
957,سفیدسنگ,11,RKH,خراسان رضوی
958,سلامی,11,RKH,خراسان رضوی
959,سلطان آباد,11,RKH,خراسان رضوی
960,سنگان,11,RKH,خراسان رضوی
961,شادمهر,11,RKH,خراسان رضوی
962,شاندیز,11,RKH,خراسان رضوی
963,ششتمد,11,RKH,خراسان رضوی
964,شهرآباد,11,RKH,خراسان رضوی
965,شهرزو,11,RKH,خراسان رضوی
967,طرقبه,11,RKH,خراسان رضوی
968,عشق آباد,11,RKH,خراسان رضوی
969,فرهادگرد,11,RKH,خراسان رضوی
970,فیض آباد,11,RKH,خراسان رضوی
971,قاسم آباد,11,RKH,خراسان رضوی
972,قدمگاه,11,RKH,خراسان رضوی
973,قلندرآباد,11,RKH,خراسان رضوی
974,کاخک,11,RKH,خراسان رضوی
975,کاریز,11,RKH,خراسان رضوی
976,کدکن,11,RKH,خراسان رضوی
977,کندر,11,RKH,خراسان رضوی
978,گلمکان,11,RKH,خراسان رضوی
979,لطف آباد,11,RKH,خراسان رضوی
980,مزدآوند,11,RKH,خراسان رضوی
981,مشهدریزه,11,RKH,خراسان رضوی
982,ملک آباد,11,RKH,خراسان رضوی
983,نشتیفان,11,RKH,خراسان رضوی
984,نصر آباد,11,RKH,خراسان رضوی
985,نقاب,11,RKH,خراسان رضوی
986,نوخندان,11,RKH,خراسان رضوی
987,نیل شهر,11,RKH,خراسان رضوی
988,همت آباد,11,RKH,خراسان رضوی
989,یونسی,11,RKH,خراسان رضوی
990,طوس,11,RKH,خراسان رضوی
6892,شوراب,11,RKH,خراسان رضوی
1851,گلبوی پایین,11,RKH,خراسان رضوی
3835,برزنون,11,RKH,خراسان رضوی
8352,فدیشه,11,RKH,خراسان رضوی
198,میراباد-خراسان رضوی,11,RKH,خراسان رضوی
7707,فرخک,11,RKH,خراسان رضوی
5999,اسحق اباد-خراسان رضوی,11,RKH,خراسان رضوی
9834,خوجان,11,RKH,خراسان رضوی
9441,کورده,11,RKH,خراسان رضوی
1476,طوس سفلی,11,RKH,خراسان رضوی
3352,قرقی سفلی (شهیدکاوه ),11,RKH,خراسان رضوی
9279,کنه بیست,11,RKH,خراسان رضوی
3413,رادکان,11,RKH,خراسان رضوی
1292,سیداباد-خراسان رضوی,11,RKH,خراسان رضوی
2824,گلبهار,11,RKH,خراسان رضوی
634,سلوگرد,11,RKH,خراسان رضوی
8276,ارداک,11,RKH,خراسان رضوی
4702,بقمج,11,RKH,خراسان رضوی
7270,چاهک,11,RKH,خراسان رضوی
4138,گوش,11,RKH,خراسان رضوی
6354,نریمانی سفلی,11,RKH,خراسان رضوی
4914,تقی اباد-خراسان رضوی,11,RKH,خراسان رضوی
9123,کچولی,11,RKH,خراسان رضوی
9759,شیرتپه,11,RKH,خراسان رضوی
5701,پس کمر,11,RKH,خراسان رضوی
162,بزنگان,11,RKH,خراسان رضوی
1970,گنبدلی,11,RKH,خراسان رضوی
6486,کندک لی,11,RKH,خراسان رضوی
3174,کته شمشیرسفلی,11,RKH,خراسان رضوی
4697,سنگ بست,11,RKH,خراسان رضوی
3972,سفید سنگ,11,RKH,خراسان رضوی
3666,قلندر آباد,11,RKH,خراسان رضوی
1271,زرکک,11,RKH,خراسان رضوی
3428,شهرکهنه,11,RKH,خراسان رضوی
2455,قریه شرف,11,RKH,خراسان رضوی
4316,یدک,11,RKH,خراسان رضوی
7602,دیزادیز,11,RKH,خراسان رضوی
6484,شفیع,11,RKH,خراسان رضوی
7008,دوغایی,11,RKH,خراسان رضوی
4569,جوزان-خراسان رضوی,11,RKH,خراسان رضوی
8309,امامقلی,11,RKH,خراسان رضوی
1168,حسن ابادلایین نو,11,RKH,خراسان رضوی
3726,کپکان,11,RKH,خراسان رضوی
5886,شهرک زیندانلو,11,RKH,خراسان رضوی
3946,محمدتقی,11,RKH,خراسان رضوی
9844,سیوکی,11,RKH,خراسان رضوی
2149,مهنه,11,RKH,خراسان رضوی
7113,عبدل اباد,11,RKH,خراسان رضوی
5078,بایک,11,RKH,خراسان رضوی
8229,چخماق,11,RKH,خراسان رضوی
5758,قلعه اقاحسن,11,RKH,خراسان رضوی
7218,زرغری,11,RKH,خراسان رضوی
2498,باسفر,11,RKH,خراسان رضوی
5306,یک لنگی علیا,11,RKH,خراسان رضوی
9264,کامه سفلی,11,RKH,خراسان رضوی
7787,رودخانه,11,RKH,خراسان رضوی
3142,اسداباد-خراسان رضوی,11,RKH,خراسان رضوی
4114,نصر,11,RKH,خراسان رضوی
8967,مژن اباد,11,RKH,خراسان رضوی
9836,چمن اباد,11,RKH,خراسان رضوی
5938,حسن اباد-خراسان رضوی,11,RKH,خراسان رضوی
8577,چشمه گل,11,RKH,خراسان رضوی
7769,ابدال اباد,11,RKH,خراسان رضوی
4733,کاریزنو,11,RKH,خراسان رضوی
6787,درزاب,11,RKH,خراسان رضوی
5619,محموداباد-خراسان رضوی,11,RKH,خراسان رضوی
1393,یاقوتین جدید,11,RKH,خراسان رضوی
7634,جنت اباد-خراسان رضوی,11,RKH,خراسان رضوی
4884,موسی اباد-خراسان رضوی,11,RKH,خراسان رضوی
9093,بنی تاک,11,RKH,خراسان رضوی
7935,ازاده,11,RKH,خراسان رضوی
5939,دوقارون,11,RKH,خراسان رضوی
1924,کرات,11,RKH,خراسان رضوی
9540,قلعه نو-خراسان رضوی,11,RKH,خراسان رضوی
7963,کوه سفید,11,RKH,خراسان رضوی
9478,رباطسرپوشی,11,RKH,خراسان رضوی
3459,نامن,11,RKH,خراسان رضوی
6187,مزینان,11,RKH,خراسان رضوی
9972,دستوران,11,RKH,خراسان رضوی
4306,ازادوار,11,RKH,خراسان رضوی
542,راه چمن,11,RKH,خراسان رضوی
7992,انداده,11,RKH,خراسان رضوی
7365,حکم اباد,11,RKH,خراسان رضوی
3648,برغمد,11,RKH,خراسان رضوی
6033,بلاشی اباد,11,RKH,خراسان رضوی
6595,نوده انقلاب,11,RKH,خراسان رضوی
4320,رباطجز,11,RKH,خراسان رضوی
9973,شامکان,11,RKH,خراسان رضوی
8171,تندک,11,RKH,خراسان رضوی
4064,اوندر,11,RKH,خراسان رضوی
9206,دهنو-خراسان رضوی,11,RKH,خراسان رضوی
6502,فدافن,11,RKH,خراسان رضوی
5742,بندقرا,11,RKH,خراسان رضوی
55,کاسف,11,RKH,خراسان رضوی
461,کبودان,11,RKH,خراسان رضوی
3374,شفیع اباد,11,RKH,خراسان رضوی
8547,رکن اباد,11,RKH,خراسان رضوی
9015,درونه,11,RKH,خراسان رضوی
4261,گیسوربالا,11,RKH,خراسان رضوی
7321,زیبد,11,RKH,خراسان رضوی
1758,جزین,11,RKH,خراسان رضوی
2801,اسفراین,12,NKH,خراسان شمالی
2802,بجنورد,12,NKH,خراسان شمالی
2803,جاجرم,12,NKH,خراسان شمالی
2804,شیروان,12,NKH,خراسان شمالی
2805,فاروج,12,NKH,خراسان شمالی
2806,مانه وسملقان,12,NKH,خراسان شمالی
2807,گرمه,12,NKH,خراسان شمالی
2808,راز و جرگلان,12,NKH,خراسان شمالی
2809,ایور,12,NKH,خراسان شمالی
2810,آشخانه,12,NKH,خراسان شمالی
2811,پیش قلعه,12,NKH,خراسان شمالی
2812,تیتکانلو,12,NKH,خراسان شمالی
2813,حصارگرمخان,12,NKH,خراسان شمالی
2814,درق,12,NKH,خراسان شمالی
2815,راز,12,NKH,خراسان شمالی
2816,سنخواست,12,NKH,خراسان شمالی
2817,شوقان,12,NKH,خراسان شمالی
2818,صفی آباد,12,NKH,خراسان شمالی
2819,قاضی,12,NKH,خراسان شمالی
2820,لوجلی,12,NKH,خراسان شمالی
3548,اوا,12,NKH,خراسان شمالی
3549,زیارت,12,NKH,خراسان شمالی
3550,قوشخانه,12,NKH,خراسان شمالی
5603,حصار گرمخان,12,NKH,خراسان شمالی
6291,دوین,12,NKH,خراسان شمالی
2935,خرق,12,NKH,خراسان شمالی
3411,رزق اباد,12,NKH,خراسان شمالی
7414,رویینی,12,NKH,خراسان شمالی
601,آبادان,13,KHZ,خوزستان
602,اندیمشک,13,KHZ,خوزستان
603,اهواز,13,KHZ,خوزستان
604,ایذه,13,KHZ,خوزستان
605,بندرماهشهر,13,KHZ,خوزستان
606,بهبهان,13,KHZ,خوزستان
607,خرمشهر,13,KHZ,خوزستان
608,دزفول,13,KHZ,خوزستان
609,دشت آزادگان,13,KHZ,خوزستان
610,رامهرمز,13,KHZ,خوزستان
611,شادگان,13,KHZ,خوزستان
612,شوشتر,13,KHZ,خوزستان
613,مسجدسلیمان,13,KHZ,خوزستان
614,شوش,13,KHZ,خوزستان
615,باغ ملک,13,KHZ,خوزستان
616,امیدیه,13,KHZ,خوزستان
617,لالی,13,KHZ,خوزستان
618,هندیجان,13,KHZ,خوزستان
619,رامشیر,13,KHZ,خوزستان
621,اندیکا,13,KHZ,خوزستان
620,گتوند,13,KHZ,خوزستان
623,هویزه,13,KHZ,خوزستان
624,باوی,13,KHZ,خوزستان
625,حمیدیه,13,KHZ,خوزستان
626,آغاجاری,13,KHZ,خوزستان
628,اروندکنار,13,KHZ,خوزستان
629,الوان,13,KHZ,خوزستان
631,بستان,13,KHZ,خوزستان
633,بندرامام خمینی,13,KHZ,خوزستان
635,ترکالکی,13,KHZ,خوزستان
637,جایزان,13,KHZ,خوزستان
639,جنت مکان,13,KHZ,خوزستان
641,چغامیش,13,KHZ,خوزستان
643,چمران,13,KHZ,خوزستان
645,چوئبده,13,KHZ,خوزستان
647,حر,13,KHZ,خوزستان
649,حسینیه,13,KHZ,خوزستان
651,حمزه,13,KHZ,خوزستان
653,دارخوین,13,KHZ,خوزستان
655,دزآب,13,KHZ,خوزستان
657,دهدز,13,KHZ,خوزستان
659,رفیع,13,KHZ,خوزستان
661,زهره,13,KHZ,خوزستان
663,سالند,13,KHZ,خوزستان
665,سردشت ,13,KHZ,خوزستان
667,سماله,13,KHZ,خوزستان
669,سوسنگرد,13,KHZ,خوزستان
671,شاوور,13,KHZ,خوزستان
673,شرافت,13,KHZ,خوزستان
675,شیبان,13,KHZ,خوزستان
677,صالح شهر,13,KHZ,خوزستان
679,صالح مشطط,13,KHZ,خوزستان
681,صفی آباد ,13,KHZ,خوزستان
683,صیدون,13,KHZ,خوزستان
685,قلعه تل,13,KHZ,خوزستان
687,قلعه خواجه,13,KHZ,خوزستان
689,گوریه,13,KHZ,خوزستان
691,مشراگه,13,KHZ,خوزستان
693,مقاومت,13,KHZ,خوزستان
695,ملاثانی,13,KHZ,خوزستان
697,میانرود,13,KHZ,خوزستان
699,میداود,13,KHZ,خوزستان
901,مینوشهر,13,KHZ,خوزستان
902,ویس,13,KHZ,خوزستان
903,هفتگل,13,KHZ,خوزستان
3551,ابژدان,13,KHZ,خوزستان
3552,ازادی,13,KHZ,خوزستان
3553,ابوحمیظه,13,KHZ,خوزستان
3554,الهایی,13,KHZ,خوزستان
3555,بیدروبه,13,KHZ,خوزستان
3556,تشان,13,KHZ,خوزستان
3557,خنافره,13,KHZ,خوزستان
3558,سرداران,13,KHZ,خوزستان
3559,سیاه منصور,13,KHZ,خوزستان
3560,شمس اباد,13,KHZ,خوزستان
3561,شهر امام,13,KHZ,خوزستان
3562,فتح المبین,13,KHZ,خوزستان
3563,کوت سیدنعیم,13,KHZ,خوزستان
3564,کوت عبداله,13,KHZ,خوزستان
3565,گلگیر,13,KHZ,خوزستان
3566,منصوریه,13,KHZ,خوزستان
5858,الهائی,13,KHZ,خوزستان
8302,فیاضی,13,KHZ,خوزستان
4123,تنگ یک,13,KHZ,خوزستان
4353,نهرسلیم,13,KHZ,خوزستان
5510,نهرابطر,13,KHZ,خوزستان
5278,عین دو,13,KHZ,خوزستان
2561,ام الطمیر (سیدیوسف ),13,KHZ,خوزستان
9847,کوت عبدالله,13,KHZ,خوزستان
4717,قلعه چنعان,13,KHZ,خوزستان
4637,کریت برومی,13,KHZ,خوزستان
2800,غیزانیه بزرگ,13,KHZ,خوزستان
3282,چم کلگه,13,KHZ,خوزستان
8778,اسیاب,13,KHZ,خوزستان
9398,گروه پدافندهوایی بهبها,13,KHZ,خوزستان
5829,شاه غالب ده ابراهیم,13,KHZ,خوزستان
7470,کردستان بزرگ,13,KHZ,خوزستان
7716,میانکوه,13,KHZ,خوزستان
6152,رودزرد,13,KHZ,خوزستان
1286,نفت سفید,13,KHZ,خوزستان
8533,دره تونم نمی,13,KHZ,خوزستان
8327,چنارستان,13,KHZ,خوزستان
2150,پشت پیان,13,KHZ,خوزستان
3326,عبودی,13,KHZ,خوزستان
6395,درویشی,13,KHZ,خوزستان
4917,بوزی سیف,13,KHZ,خوزستان
4186,حفاری شرقی,13,KHZ,خوزستان
8858,بروایه یوسف,13,KHZ,خوزستان
4698,یزدنو,13,KHZ,خوزستان
9586,سیدعباس,13,KHZ,خوزستان
8392,شهرک نورمحمدی,13,KHZ,خوزستان
2449,گاومیش اباد,13,KHZ,خوزستان
4007,عرب حسن,13,KHZ,خوزستان
4046,شمس آباد (خوزستان),13,KHZ,خوزستان
9589,امام,13,KHZ,خوزستان
4164,چلون,13,KHZ,خوزستان
9205,مزرعه یک,13,KHZ,خوزستان
6248,خسرجی راضی حمد,13,KHZ,خوزستان
5995,علمه تیمورابوذرغفاری,13,KHZ,خوزستان
9408,شهرک بهرام,13,KHZ,خوزستان
5274,آزادی,13,KHZ,خوزستان
6890,شهرک انصار,13,KHZ,خوزستان
7581,خواجوی,13,KHZ,خوزستان
894,کلگه دره دو,13,KHZ,خوزستان
2509,تله زنگ پایین,13,KHZ,خوزستان
7373,چم گلک,13,KHZ,خوزستان
4412,روستای عنبر,13,KHZ,خوزستان
8284,دره بوری,13,KHZ,خوزستان
4184,کوشکک-خوزستان,13,KHZ,خوزستان
8080,آبژدان,13,KHZ,خوزستان
1901,ابهر,14,ZJN,زنجان
1903,خدابنده,14,ZJN,زنجان
1904,زنجان,14,ZJN,زنجان
1908,طارم,14,ZJN,زنجان
1909,ماهنشان,14,ZJN,زنجان
1906,ایجرود,14,ZJN,زنجان
1907,خرمدره,14,ZJN,زنجان
1910,سلطانیه,14,ZJN,زنجان
1912,ارمغانخانه,14,ZJN,زنجان
1913,آب بر,14,ZJN,زنجان
1914,چورزق,14,ZJN,زنجان
1915,حلب,14,ZJN,زنجان
1916,دندی,14,ZJN,زنجان
1917,زرین آباد,14,ZJN,زنجان
1918,زرین رود,14,ZJN,زنجان
1919,سجاس,14,ZJN,زنجان
1920,سهرورد,14,ZJN,زنجان
1921,صائین قلعه,14,ZJN,زنجان
1922,قیدار,14,ZJN,زنجان
1923,گرماب,14,ZJN,زنجان
1911,هیدج,14,ZJN,زنجان
3568,کرسف,14,ZJN,زنجان
3569,نوربهار,14,ZJN,زنجان
3570,نیک پی,14,ZJN,زنجان
2390,همایون,14,ZJN,زنجان
5381,بوغداکندی,14,ZJN,زنجان
6156,اژدهاتو,14,ZJN,زنجان
4602,اسفجین,14,ZJN,زنجان
2662,قبله بلاغی,14,ZJN,زنجان
5866,پری,14,ZJN,زنجان
6623,اندابادعلیا,14,ZJN,زنجان
9821,قره گل,14,ZJN,زنجان
2170,سونتو,14,ZJN,زنجان
9074,قلتوق,14,ZJN,زنجان
9296,گوزلدره,14,ZJN,زنجان
9981,سنبل اباد,14,ZJN,زنجان
9165,درسجین,14,ZJN,زنجان
442,دولت اباد-زنجان,14,ZJN,زنجان
8139,کینه ورس,14,ZJN,زنجان
9511,اقبلاغ سفلی,14,ZJN,زنجان
8716,محموداباد-زنجان,14,ZJN,زنجان
3193,باش قشلاق,14,ZJN,زنجان
4736,کهلا,14,ZJN,زنجان
7606,گیلوان,14,ZJN,زنجان
1642,دستجرده,14,ZJN,زنجان
2395,سعیداباد-زنجان,14,ZJN,زنجان
4253,درام,14,ZJN,زنجان
2001,دامغان,15,SMN,سمنان
2002,سمنان,15,SMN,سمنان
2003,شاهرود,15,SMN,سمنان
2004,گرمسار,15,SMN,سمنان
2005,مهدی شهر,15,SMN,سمنان
2006,آرادان,15,SMN,سمنان
2007,میامی,15,SMN,سمنان
2008,سرخه,15,SMN,سمنان
2009,امیریه,15,SMN,سمنان
2010,ایوانکی,15,SMN,سمنان
2011,بسطام,15,SMN,سمنان
2012,بیارجمند,15,SMN,سمنان
2013,درجزین,15,SMN,سمنان
2014,دیباج,15,SMN,سمنان
2015,شهمیرزاد,15,SMN,سمنان
2016,کلاته خیج,15,SMN,سمنان
2017,مجن,15,SMN,سمنان
3571,رودیان,15,SMN,سمنان
3572,کلاته,15,SMN,سمنان
3573,کهن اباد,15,SMN,سمنان
3224,علا,15,SMN,سمنان
3357,ابخوری,15,SMN,سمنان
1759,مهدیشهر,15,SMN,سمنان
6685,خیراباد-سمنان,15,SMN,سمنان
9460,ایستگاه میان دره,15,SMN,سمنان
5727,اهوان,15,SMN,سمنان
8525,جام,15,SMN,سمنان
1684,دوزهیر,15,SMN,سمنان
1598,معدن نمک,15,SMN,سمنان
377,نظامی,15,SMN,سمنان
5759,اسداباد-سمنان,15,SMN,سمنان
5360,لاسجرد,15,SMN,سمنان
4226,سیداباد-سمنان,15,SMN,سمنان
3118,عبدالله ابادپایین,15,SMN,سمنان
7493,بیابانک,15,SMN,سمنان
8850,مومن اباد-سمنان,15,SMN,سمنان
8802,دربند,15,SMN,سمنان
6329,گل رودبار,15,SMN,سمنان
2778,ابگرم-سمنان,15,SMN,سمنان
6778,افتر,15,SMN,سمنان
7607,فولادمحله,15,SMN,سمنان
1287,ده صوفیان,15,SMN,سمنان
7933,هیکو,15,SMN,سمنان
7038,چاشم,15,SMN,سمنان
1245,کردوان,15,SMN,سمنان
4229,مندولک,15,SMN,سمنان
2730,داوراباد,15,SMN,سمنان
5779,بن کوه,15,SMN,سمنان
7811,کهن آباد,15,SMN,سمنان
3929,حسین ابادکوروس,15,SMN,سمنان
4689,کرک,15,SMN,سمنان
2766,گلستانک,15,SMN,سمنان
8326,لجران,15,SMN,سمنان
100,جودانه,15,SMN,سمنان
9099,ابراهیم اباد-سمنان,15,SMN,سمنان
1852,بکران,15,SMN,سمنان
6805,کرداباد,15,SMN,سمنان
5984,نردین,15,SMN,سمنان
7131,سوداغلان,15,SMN,سمنان
9670,فرومد,15,SMN,سمنان
6149,ابرسیج,15,SMN,سمنان
4382,میغان,15,SMN,سمنان
5398,قلعه نوخرقان,15,SMN,سمنان
9375,چهلدخترپادگان,15,SMN,سمنان
4820,نگارمن,15,SMN,سمنان
9761,دهملا,15,SMN,سمنان
9020,بدشت,15,SMN,سمنان
5136,سطوه,15,SMN,سمنان
5664,طرود,15,SMN,سمنان
2165,مغان,15,SMN,سمنان
5929,گیور,15,SMN,سمنان
2031,مسیح اباد,15,SMN,سمنان
7508,احمداباد(سمنان),15,SMN,سمنان
2055,زمان اباد,15,SMN,سمنان
3473,سلمرود,15,SMN,سمنان
4089,جزن,15,SMN,سمنان
3045,برم,15,SMN,سمنان
7043,محمداباد,15,SMN,سمنان
9417,معصوم اباد,15,SMN,سمنان
7891,فرات,15,SMN,سمنان
5284,علیان,15,SMN,سمنان
1925,عمروان,15,SMN,سمنان
549,قوشه,15,SMN,سمنان
3699,دروار,15,SMN,سمنان
5144,استانه (سمنان),15,SMN,سمنان
5980,طرزه,15,SMN,سمنان
381,مهماندوست,15,SMN,سمنان
9713,کلاته ملا,15,SMN,سمنان
6863,قدرت اباد,15,SMN,سمنان
1101,ایرانشهر,16,SBN,سیستان و بلوچستان
1102,چابهار,16,SBN,سیستان و بلوچستان
1103,خاش,16,SBN,سیستان و بلوچستان
1104,زابل,16,SBN,سیستان و بلوچستان
1105,زاهدان,16,SBN,سیستان و بلوچستان
1106,سراوان,16,SBN,سیستان و بلوچستان
1107,نیک شهر,16,SBN,سیستان و بلوچستان
1108,سرباز,16,SBN,سیستان و بلوچستان
1109,کنارک,16,SBN,سیستان و بلوچستان
1110,زهک,16,SBN,سیستان و بلوچستان
1111,هیرمند,16,SBN,سیستان و بلوچستان
1112,دلگان,16,SBN,سیستان و بلوچستان
1113,مهرستان,16,SBN,سیستان و بلوچستان
1114,سیب و سوران,16,SBN,سیستان و بلوچستان
1115,نیمروز,16,SBN,سیستان و بلوچستان
1116,هامون,16,SBN,سیستان و بلوچستان
1117,میرجاوه,16,SBN,سیستان و بلوچستان
1118,قصرقند,16,SBN,سیستان و بلوچستان
1119,فنوج,16,SBN,سیستان و بلوچستان
1120,بمپور,16,SBN,سیستان و بلوچستان
1121,ادیمی,16,SBN,سیستان و بلوچستان
1122,اسپکه,16,SBN,سیستان و بلوچستان
1123,بزمان,16,SBN,سیستان و بلوچستان
1124,بنت,16,SBN,سیستان و بلوچستان
1125,بنجار,16,SBN,سیستان و بلوچستان
1126,پیشین,16,SBN,سیستان و بلوچستان
1127,جالق,16,SBN,سیستان و بلوچستان
1129,دوست محمد,16,SBN,سیستان و بلوچستان
1130,راسک,16,SBN,سیستان و بلوچستان
1132,زرآباد,16,SBN,سیستان و بلوچستان
1133,سوران,16,SBN,سیستان و بلوچستان
1134,سیرکان,16,SBN,سیستان و بلوچستان
1135,علی اکبر,16,SBN,سیستان و بلوچستان
1136,گشت,16,SBN,سیستان و بلوچستان
1137,گلمورتی,16,SBN,سیستان و بلوچستان
1138,محمدان,16,SBN,سیستان و بلوچستان
1139,محمد آباد,16,SBN,سیستان و بلوچستان
1140,محمدی,16,SBN,سیستان و بلوچستان
1141,نصرت آباد,16,SBN,سیستان و بلوچستان
1142,نگور,16,SBN,سیستان و بلوچستان
1143,نوک آباد,16,SBN,سیستان و بلوچستان
1144,هیدوج,16,SBN,سیستان و بلوچستان
5042,خواجه احمد,16,SBN,سیستان و بلوچستان
5624,نیکشهر,16,SBN,سیستان و بلوچستان
8763,حرمک,16,SBN,سیستان و بلوچستان
7559,انده قدیم,16,SBN,سیستان و بلوچستان
4456,لادیزعلیا,16,SBN,سیستان و بلوچستان
2191,سیادک,16,SBN,سیستان و بلوچستان
183,خمک,16,SBN,سیستان و بلوچستان
8052,تخت عدالت,16,SBN,سیستان و بلوچستان
7624,برجمیرگل,16,SBN,سیستان و بلوچستان
8143,جهان ابادعلیا,16,SBN,سیستان و بلوچستان
4900,تیموراباد,16,SBN,سیستان و بلوچستان
2861,دولت اباد-سیستان و بلوچستان,16,SBN,سیستان و بلوچستان
8549,لوتک,16,SBN,سیستان و بلوچستان
6277,سکوهه,16,SBN,سیستان و بلوچستان
3294,جزینک,16,SBN,سیستان و بلوچستان
1931,قلعه نو-سیستان و بلوچستان,16,SBN,سیستان و بلوچستان
4672,شهرک محمدشاه کرم,16,SBN,سیستان و بلوچستان
1353,ژاله ای,16,SBN,سیستان و بلوچستان
7920,کرباسک,16,SBN,سیستان و بلوچستان
2357,نوک اباد,16,SBN,سیستان و بلوچستان
581,نوراباد (سیستان و بلوچستان),16,SBN,سیستان و بلوچستان
7752,کارواندر,16,SBN,سیستان و بلوچستان
6378,ناصراباد-سیستان و بلوچستان,16,SBN,سیستان و بلوچستان
4160,بالاقلعه,16,SBN,سیستان و بلوچستان
459,گمن,16,SBN,سیستان و بلوچستان
4455,زیرکدان,16,SBN,سیستان و بلوچستان
1958,بیت اباد,16,SBN,سیستان و بلوچستان
3274,گوهرکوه,16,SBN,سیستان و بلوچستان
9872,ده پابید,16,SBN,سیستان و بلوچستان
8649,نازیل,16,SBN,سیستان و بلوچستان
5778,کوشه,16,SBN,سیستان و بلوچستان
9711,افضل اباد,16,SBN,سیستان و بلوچستان
4532,چانف,16,SBN,سیستان و بلوچستان
6181,اسماعیل کلگ,16,SBN,سیستان و بلوچستان
7720,پارود,16,SBN,سیستان و بلوچستان
4337,ایرافشان,16,SBN,سیستان و بلوچستان
4444,سرداب,16,SBN,سیستان و بلوچستان
9201,پیپ,16,SBN,سیستان و بلوچستان
2597,هودیان,16,SBN,سیستان و بلوچستان
8290,کوشکوک,16,SBN,سیستان و بلوچستان
2938,سردک,16,SBN,سیستان و بلوچستان
4473,اسفندک,16,SBN,سیستان و بلوچستان
4938,کوهک,16,SBN,سیستان و بلوچستان
8266,پسکوه,16,SBN,سیستان و بلوچستان
5641,هیدوچ,16,SBN,سیستان و بلوچستان
7045,طیس,16,SBN,سیستان و بلوچستان
6908,تلنگ,16,SBN,سیستان و بلوچستان
8319,پلان,16,SBN,سیستان و بلوچستان
3345,باهوکلات,16,SBN,سیستان و بلوچستان
9334,پسابندر,16,SBN,سیستان و بلوچستان
8864,پیرسهراب,16,SBN,سیستان و بلوچستان
8884,شهدادکهیر,16,SBN,سیستان و بلوچستان
7680,زراباد (سیستان و بلوچستان),16,SBN,سیستان و بلوچستان
3215,مسکوتان,16,SBN,سیستان و بلوچستان
2682,کتیج,16,SBN,سیستان و بلوچستان
1660,محنت,16,SBN,سیستان و بلوچستان
6801,چاهان,16,SBN,سیستان و بلوچستان
6873,هیچان,16,SBN,سیستان و بلوچستان
9017,شگیم بالا,16,SBN,سیستان و بلوچستان
4203,کشیک,16,SBN,سیستان و بلوچستان
8924,ساربوک,16,SBN,سیستان و بلوچستان
4167,تفتان,16,SBN,سیستان و بلوچستان
701,آباده,17,FRS,فارس
702,استهبان,17,FRS,فارس
703,اقلید,17,FRS,فارس
704,جهرم,17,FRS,فارس
705,داراب,17,FRS,فارس
706,سپیدان,17,FRS,فارس
707,شیراز,17,FRS,فارس
708,فسا,17,FRS,فارس
709,فیروزآباد,17,FRS,فارس
710,کازرون,17,FRS,فارس
711,لارستان,17,FRS,فارس
712,مرودشت,17,FRS,فارس
713,ممسنی,17,FRS,فارس
714,نی ریز,17,FRS,فارس
715,لامرد,17,FRS,فارس
716,بوانات,17,FRS,فارس
717,ارسنجان,17,FRS,فارس
718,خرم بید,17,FRS,فارس
719,زرین دشت,17,FRS,فارس
721,مهر,17,FRS,فارس
722,فراشبند,17,FRS,فارس
723,پاسارگاد,17,FRS,فارس
724,خنج,17,FRS,فارس
725,سروستان,17,FRS,فارس
726,رستم,17,FRS,فارس
727,گراش,17,FRS,فارس
728,کوار,17,FRS,فارس
729,خرامه,17,FRS,فارس
730,اردکان,17,FRS,فارس
731,اسیر,17,FRS,فارس
732,اشکنان,17,FRS,فارس
733,افزر,17,FRS,فارس
734,امام شهر,17,FRS,فارس
735,اوز,17,FRS,فارس
736,اهل,17,FRS,فارس
737,ایج,17,FRS,فارس
738,ایزدخواست,17,FRS,فارس
739,آباده طشک,17,FRS,فارس
740,باب انار,17,FRS,فارس
741,بالاده,17,FRS,فارس
742,بنارویه,17,FRS,فارس
743,بهمن,17,FRS,فارس
744,بیرم,17,FRS,فارس
745,بیضا,17,FRS,فارس
746,جنت شهر,17,FRS,فارس
747,جویم,17,FRS,فارس
748,حاجی آباد ,17,FRS,فارس
749,حسامی,17,FRS,فارس
750,حسن آباد  ,17,FRS,فارس
751,خانه زنیان,17,FRS,فارس
752,خاوران,17,FRS,فارس
753,خشت,17,FRS,فارس
754,خور ,17,FRS,فارس
755,خومه زار,17,FRS,فارس
756,داریان,17,FRS,فارس
757,دبیران,17,FRS,فارس
758,دژکرد,17,FRS,فارس
759,دوبرجی,17,FRS,فارس
760,دوزه,17,FRS,فارس
761,دهرم,17,FRS,فارس
762,رامجرد,17,FRS,فارس
763,رونیز,17,FRS,فارس
764,زاهدشهر,17,FRS,فارس
765,زرقان,17,FRS,فارس
766,سده,17,FRS,فارس
767,سعادت شهر,17,FRS,فارس
768,سورمق,17,FRS,فارس
769,سیدان,17,FRS,فارس
770,ششده,17,FRS,فارس
771,شهر جدید صدرا,17,FRS,فارس
772,شهرپیر,17,FRS,فارس
773,صغاد,17,FRS,فارس
774,صفاشهر,17,FRS,فارس
775,علامرودشت,17,FRS,فارس
776,عمادده,17,FRS,فارس
777,فدامی,17,FRS,فارس
778,قادرآباد,17,FRS,فارس
779,قائمیه,17,FRS,فارس
780,قطب آباد,17,FRS,فارس
781,قطرویه,17,FRS,فارس
782,قیر,17,FRS,فارس
783,کارزین,17,FRS,فارس
784,کامفیروز,17,FRS,فارس
785,کره ای,17,FRS,فارس
786,کنارتخته,17,FRS,فارس
787,کوهنجان,17,FRS,فارس
788,گله دار,17,FRS,فارس
789,لار,17,FRS,فارس
790,لپوئی,17,FRS,فارس
791,لطیفی,17,FRS,فارس
792,مبارک آباد,17,FRS,فارس
793,مشکان,17,FRS,فارس
794,مصیری,17,FRS,فارس
795,میمند,17,FRS,فارس
796,نوبندگان,17,FRS,فارس
797,نوجین,17,FRS,فارس
798,نودان,17,FRS,فارس
799,نورآباد,17,FRS,فارس
800,وراوی,17,FRS,فارس
909,هماشهر,17,FRS,فارس
3574,بابامنیر,17,FRS,فارس
3575,خانیمن,17,FRS,فارس
3576,خوزی,17,FRS,فارس
3577,سلطان شهر,17,FRS,فارس
3578,قره بلاغ,17,FRS,فارس
3579,کوپن,17,FRS,فارس
3580,مادرسلیمان,17,FRS,فارس
3581,مزایجان,17,FRS,فارس
3582,میانشهر,17,FRS,فارس
5092,بندامیر,17,FRS,فارس
5650,خیرابادتوللی,17,FRS,فارس
7663,کم جان,17,FRS,فارس
9439,شوریجه,17,FRS,فارس
3863,مهارلو,17,FRS,فارس
8161,تفیهان,17,FRS,فارس
4978,طسوج,17,FRS,فارس
1538,اکبراباد,17,FRS,فارس
9674,مظفری,17,FRS,فارس
4020,کوشک بیدک,17,FRS,فارس
8645,فتح اباد-فارس,17,FRS,فارس
8977,ده شیب,17,FRS,فارس
6450,پاسگاه چنارراهدار,17,FRS,فارس
8717,موردراز,17,FRS,فارس
5961,شهرجدیدصدرا,17,FRS,فارس
1392,کلاتون,17,FRS,فارس
2262,کلانی,17,FRS,فارس
2680,کمارج مرکزی,17,FRS,فارس
9070,مهبودی علیا,17,FRS,فارس
5426,حکیم باشی نصف میان (بالا),17,FRS,فارس
8141,کنار تخته,17,FRS,فارس
8521,مهرنجان,17,FRS,فارس
7081,جره,17,FRS,فارس
7574,گویم,17,FRS,فارس
5814,اهنگری,17,FRS,فارس
1358,پرین,17,FRS,فارس
2524,حسین ابادرستم,17,FRS,فارس
2754,میشان سفلی,17,FRS,فارس
5032,بهرغان,17,FRS,فارس
6361,کمهر,17,FRS,فارس
1883,راشک علیا,17,FRS,فارس
7181,هرایجان,17,FRS,فارس
6176,بانش,17,FRS,فارس
6133,کوشکک-فارس,17,FRS,فارس
6469,خنجشت,17,FRS,فارس
921,امامزاده اسماعیل,17,FRS,فارس
7515,اسپاس,17,FRS,فارس
8582,شهرمیان,17,FRS,فارس
3641,بندبست,17,FRS,فارس
6016,فیشور,17,FRS,فارس
2937,کهنه,17,FRS,فارس
4827,بنوان,17,FRS,فارس
3261,درب قلعه,17,FRS,فارس
6004,دنیان,17,FRS,فارس
2863,سروو,17,FRS,فارس
3285,مانیان,17,FRS,فارس
2862,به جان,17,FRS,فارس
3096,کوشک قاضی,17,FRS,فارس
1749,قاسم ابادسفلی,17,FRS,فارس
3050,میانده-فارس,17,FRS,فارس
9703,صحرارود,17,FRS,فارس
2983,بایگان,17,FRS,فارس
4828,جوکان,17,FRS,فارس
7547,ماه سالاری,17,FRS,فارس
7137,رستاق,17,FRS,فارس
6036,چمن مروارید,17,FRS,فارس
8944,لای حنا,17,FRS,فارس
174,قطاربنه,17,FRS,فارس
8917,هرگان,17,FRS,فارس
2602,تاکستان,18,GZN,قزوین
2603,قزوین,18,GZN,قزوین
2604,آبیک,18,GZN,قزوین
2605,البرز,18,GZN,قزوین
2606,آوج,18,GZN,قزوین
2607,ارداق,18,GZN,قزوین
2608,اسفرورین,18,GZN,قزوین
2609,اقبالیه,18,GZN,قزوین
2610,الوند,18,GZN,قزوین
2611,آبگرم,18,GZN,قزوین
2612,بوئین زهرا,18,GZN,قزوین
2613,بیدستان,18,GZN,قزوین
2614,خاکعلی,18,GZN,قزوین
2615,خرمدشت,18,GZN,قزوین
2616,دانسفهان,18,GZN,قزوین
2617,رازمیان,18,GZN,قزوین
2618,سگزآباد,18,GZN,قزوین
2619,سیردان,18,GZN,قزوین
2620,شال,18,GZN,قزوین
2621,شریفیه,18,GZN,قزوین
2622,ضیاءآباد,18,GZN,قزوین
2623,کوهین,18,GZN,قزوین
2624,محمدیه,18,GZN,قزوین
2625,محمودآبادنمونه,18,GZN,قزوین
2626,معلم کلایه,18,GZN,قزوین
2627,نرجه,18,GZN,قزوین
4861,الولک,18,GZN,قزوین
4739,کاکوهستان,18,GZN,قزوین
4027,فلار,18,GZN,قزوین
8368,زوارک,18,GZN,قزوین
7904,صمغ اباد,18,GZN,قزوین
1542,ناصراباد-قزوین,18,GZN,قزوین
7846,رشتقون,18,GZN,قزوین
2748,قشلاق,18,GZN,قزوین
9679,شهرک صنعتی لیا (قدیم ),18,GZN,قزوین
9520,سگز آباد,18,GZN,قزوین
4374,عصمت اباد,18,GZN,قزوین
7903,خرم اباد,18,GZN,قزوین
8856,کلنجین,18,GZN,قزوین
2770,استبلخ,18,GZN,قزوین
4081,نیارج,18,GZN,قزوین
4783,حصارولیعصر,18,GZN,قزوین
7712,ماهین,18,GZN,قزوین
4017,سیاهپوش,18,GZN,قزوین
8771,نیارک,18,GZN,قزوین
7453,اقابابا,18,GZN,قزوین
2460,حسین اباد-قزوین,18,GZN,قزوین
3659,رحیم اباد(قزوین),18,GZN,قزوین
6268,مهرگان,18,GZN,قزوین
8619,یحیی اباد-قزوین,18,GZN,قزوین
9177,نیکویه,18,GZN,قزوین
2501,قم,19,QHM,قم
2502,جعفریه,19,QHM,قم
2503,دستجرد,19,QHM,قم
2504,سلفچگان,19,QHM,قم
2505,قنوات,19,QHM,قم
2506,کهک,19,QHM,قم
7456,امیرابادگنجی,19,QHM,قم
9638,قمرود,19,QHM,قم
4812,قلعه چم,19,QHM,قم
8239,قاهان,19,QHM,قم
5461,جنداب,19,QHM,قم
1201,بانه,20,KRD,کردستان
1203,سقز,20,KRD,کردستان
1202,بیجار,20,KRD,کردستان
1204,سنندج,20,KRD,کردستان
1205,قروه,20,KRD,کردستان
1206,مریوان,20,KRD,کردستان
1207,دیواندره,20,KRD,کردستان
1208,کامیاران,20,KRD,کردستان
1209,سروآباد,20,KRD,کردستان
1210,دهگلان,20,KRD,کردستان
1211,آرمرده,20,KRD,کردستان
1212,بابارشانی,20,KRD,کردستان
1213,بلبان آباد,20,KRD,کردستان
1214,بوئین سفلی,20,KRD,کردستان
1215,چناره,20,KRD,کردستان
1216,دزج,20,KRD,کردستان
1217,دلبران,20,KRD,کردستان
1218,زرینه,20,KRD,کردستان
1219,سریش آباد,20,KRD,کردستان
1220,شویشه,20,KRD,کردستان
1221,صاحب,20,KRD,کردستان
1222,کانی دینار,20,KRD,کردستان
1223,کانی سور,20,KRD,کردستان
1224,موچش,20,KRD,کردستان
1225,یاسوکند,20,KRD,کردستان
3583,اورامان تخت,20,KRD,کردستان
3584,برده رشه,20,KRD,کردستان
3585,پیرتاج,20,KRD,کردستان
3586,توپ اغاج,20,KRD,کردستان
3828,شاهینی,20,KRD,کردستان
7936,طای,20,KRD,کردستان
217,گازرخانی,20,KRD,کردستان
5973,نشورسفلی,20,KRD,کردستان
8154,شیروانه,20,KRD,کردستان
187,خامسان,20,KRD,کردستان
6025,شریف اباد (کردستان),20,KRD,کردستان
6148,کوله,20,KRD,کردستان
5210,هزارکانیان,20,KRD,کردستان
479,گورباباعلی,20,KRD,کردستان
3114,گاوشله,20,KRD,کردستان
1849,خرکه,20,KRD,کردستان
2930,اق بلاغ طغامین,20,KRD,کردستان
7622,خسرواباد-کردستان,20,KRD,کردستان
6346,جعفراباد-کردستان,20,KRD,کردستان
6820,کانی گنجی,20,KRD,کردستان
7501,قوریچای,20,KRD,کردستان
2728,نی,20,KRD,کردستان
5593,پیرخضران,20,KRD,کردستان
285,بیساران,20,KRD,کردستان
5799,سرا,20,KRD,کردستان
8354,تیلکو,20,KRD,کردستان
7901,خورخوره-کردستان,20,KRD,کردستان
5838,کسنزان,20,KRD,کردستان
8020,میرده,20,KRD,کردستان
3089,ننور,20,KRD,کردستان
6934,بوالحسن,20,KRD,کردستان
8876,کوخان,20,KRD,کردستان
2197,شوی,20,KRD,کردستان
801,بافت,21,KRN,کرمان
802,بم,21,KRN,کرمان
803,جیرفت,21,KRN,کرمان
804,رفسنجان,21,KRN,کرمان
805,زرند,21,KRN,کرمان
806,سیرجان,21,KRN,کرمان
807,شهربابک,21,KRN,کرمان
808,کرمان,21,KRN,کرمان
809,کهنوج,21,KRN,کرمان
810,بردسیر,21,KRN,کرمان
811,راور,21,KRN,کرمان
812,عنبرآباد,21,KRN,کرمان
813,منوجان,21,KRN,کرمان
814,کوهبنان,21,KRN,کرمان
816,قلعه گنج,21,KRN,کرمان
817,ریگان,21,KRN,کرمان
818,رابر,21,KRN,کرمان
819,فهرج,21,KRN,کرمان
820,انار,21,KRN,کرمان
821,نرماشیر,21,KRN,کرمان
822,فاریاب,21,KRN,کرمان
823,ارزوییه,21,KRN,کرمان
824,اختیارآباد,21,KRN,کرمان
826,امین شهر,21,KRN,کرمان
827,اندوهجرد,21,KRN,کرمان
828,باغین,21,KRN,کرمان
829,بروات,21,KRN,کرمان
830,بزنجان,21,KRN,کرمان
831,بهرمان,21,KRN,کرمان
832,پاریز,21,KRN,کرمان
833,جبالبارز,21,KRN,کرمان
834,جوپار,21,KRN,کرمان
835,جوزم,21,KRN,کرمان
836,چترود,21,KRN,کرمان
837,خاتون آباد,21,KRN,کرمان
838,خانوک,21,KRN,کرمان
839,خورسند,21,KRN,کرمان
840,درب بهشت,21,KRN,کرمان
841,دوساری,21,KRN,کرمان
842,دهج,21,KRN,کرمان
843,راین,21,KRN,کرمان
844,رودبار,21,KRN,کرمان
845,ریحان شهر,21,KRN,کرمان
846,زنگی آباد,21,KRN,کرمان
847,زیدآباد,21,KRN,کرمان
848,سرچشمه,21,KRN,کرمان
849,شهداد,21,KRN,کرمان
850,صفائیه,21,KRN,کرمان
851,کاظم آباد,21,KRN,کرمان
852,کشکوئیه,21,KRN,کرمان
853,کیانشهر,21,KRN,کرمان
854,گلباف,21,KRN,کرمان
855,گلزار,21,KRN,کرمان
856,لاله زار,21,KRN,کرمان
857,ماهان,21,KRN,کرمان
858,محمد آباد ,21,KRN,کرمان
859,محی آباد,21,KRN,کرمان
860,مردهک,21,KRN,کرمان
861,نجف شهر,21,KRN,کرمان
862,نظام شهر,21,KRN,کرمان
863,نگار,21,KRN,کرمان
864,نودژ,21,KRN,کرمان
865,هجدک,21,KRN,کرمان
866,هماشهر ,21,KRN,کرمان
867,یزدان شهر,21,KRN,کرمان
3587,بلوک,21,KRN,کرمان
3588,بلورد,21,KRN,کرمان
3589,خواجو شهر,21,KRN,کرمان
3590,دشتکار,21,KRN,کرمان
3591,زهکلوت,21,KRN,کرمان
3592,هنزا,21,KRN,کرمان
6299,ده بالا,21,KRN,کرمان
1631,جوشان,21,KRN,کرمان
1293,کشیت,21,KRN,کرمان
1997,فیض اباد(کرمان),21,KRN,کرمان
4770,دریجان,21,KRN,کرمان
5370,برج معاز,21,KRN,کرمان
3499,خانه خاتون,21,KRN,کرمان
1295,ابارق,21,KRN,کرمان
9907,گروه,21,KRN,کرمان
82,گزک,21,KRN,کرمان
7232,تهرود,21,KRN,کرمان
8653,میرابادارجمند,21,KRN,کرمان
9535,داوران,21,KRN,کرمان
4775,خنامان,21,KRN,کرمان
5853,کبوترخان,21,KRN,کرمان
9817,هرمزاباد,21,KRN,کرمان
1929,جوادیه الهیه نوق,21,KRN,کرمان
4815,محمدابادبرفه,21,KRN,کرمان
8301,خبر,21,KRN,کرمان
3547,کمسرخ,21,KRN,کرمان
7188,دشت خاک,21,KRN,کرمان
8015,حتکن,21,KRN,کرمان
9227,ریحان,21,KRN,کرمان
7285,جرجافک,21,KRN,کرمان
5712,شعبجره,21,KRN,کرمان
6470,سیریز,21,KRN,کرمان
7948,جور,21,KRN,کرمان
8614,هوتک,21,KRN,کرمان
2526,حرجند,21,KRN,کرمان
7870,ملک اباد(کرمان),21,KRN,کرمان
8149,عماداباد,21,KRN,کرمان
3989,قلعه عسکر,21,KRN,کرمان
5163,مومن اباد-کرمان,21,KRN,کرمان
9697,چناربرین,21,KRN,کرمان
4112,کمال اباد,21,KRN,کرمان
6898,امیراباد,21,KRN,کرمان
4616,پتکان,21,KRN,کرمان
7947,ارزوئیه,21,KRN,کرمان
8883,رضی ابادبالا,21,KRN,کرمان
7227,میجان علیا,21,KRN,کرمان
7929,حسین ابادجدید,21,KRN,کرمان
6384,سرخ قلعه,21,KRN,کرمان
4706,خیراباد-کرمان,21,KRN,کرمان
501,اسلام آبادغرب,22,KRH,کرمانشاه
502,کرمانشاه,22,KRH,کرمانشاه
503,پاوه,22,KRH,کرمانشاه
504,سرپل ذهاب,22,KRH,کرمانشاه
505,سنقر,22,KRH,کرمانشاه
506,قصرشیرین,22,KRH,کرمانشاه
507,کنگاور,22,KRH,کرمانشاه
508,گیلانغرب,22,KRH,کرمانشاه
509,جوانرود,22,KRH,کرمانشاه
510,صحنه,22,KRH,کرمانشاه
511,هرسین,22,KRH,کرمانشاه
512,ثلاث باباجانی,22,KRH,کرمانشاه
513,دالاهو,22,KRH,کرمانشاه
514,روانسر,22,KRH,کرمانشاه
515,ازگله,22,KRH,کرمانشاه
516,باینگان,22,KRH,کرمانشاه
517,بیستون,22,KRH,کرمانشاه
518,تازه آباد,22,KRH,کرمانشاه
519,حمیل,22,KRH,کرمانشاه
520,رباط,22,KRH,کرمانشاه
521,سرمست,22,KRH,کرمانشاه
522,سطر,22,KRH,کرمانشاه
523,سومار,22,KRH,کرمانشاه
524,شاهو,22,KRH,کرمانشاه
525,کرندغرب,22,KRH,کرمانشاه
526,کوزران,22,KRH,کرمانشاه
527,گهواره,22,KRH,کرمانشاه
528,میان راهان,22,KRH,کرمانشاه
529,نودشه,22,KRH,کرمانشاه
530,نوسود,22,KRH,کرمانشاه
531,هلشی,22,KRH,کرمانشاه
532,خسروی,22,KRH,کرمانشاه
3593,بانوره,22,KRH,کرمانشاه
3594,ریجاب,22,KRH,کرمانشاه
3595,گودین,22,KRH,کرمانشاه
2282,هفت اشیان,22,KRH,کرمانشاه
6777,دوردشت,22,KRH,کرمانشاه
8426,سنقراباد,22,KRH,کرمانشاه
8681,جعفراباد-کرمانشاه,22,KRH,کرمانشاه
2471,مرزبانی,22,KRH,کرمانشاه
3802,فش,22,KRH,کرمانشاه
7369,فرامان,22,KRH,کرمانشاه
9209,سلطان اباد-کرمانشاه,22,KRH,کرمانشاه
8942,قزوینه,22,KRH,کرمانشاه
8200,دهلقین,22,KRH,کرمانشاه
8449,درکه,22,KRH,کرمانشاه
6849,باوله,22,KRH,کرمانشاه
6692,گردکانه علیا,22,KRH,کرمانشاه
3998,اگاه علیا,22,KRH,کرمانشاه
1196,کیوه نان,22,KRH,کرمانشاه
7019,کرکسار,22,KRH,کرمانشاه
5696,کندوله,22,KRH,کرمانشاه
3185,زاوله علیا,22,KRH,کرمانشاه
3980,قلعه شیان,22,KRH,کرمانشاه
8464,حسن اباد-کرمانشاه,22,KRH,کرمانشاه
7742,سراب ذهاب,22,KRH,کرمانشاه
2264,ترک ویس,22,KRH,کرمانشاه
4578,نساردیره,22,KRH,کرمانشاه
2242,تپه رش,22,KRH,کرمانشاه
6279,قیلان,22,KRH,کرمانشاه
6689,دولت اباد-کرمانشاه,22,KRH,کرمانشاه
9043,میراباد-کرمانشاه,22,KRH,کرمانشاه
1701,بویراحمد,23,KBD,کهگیلویه و بویراحمد
1702,کهگیلویه,23,KBD,کهگیلویه و بویراحمد
1703,گچساران,23,KBD,کهگیلویه و بویراحمد
1704,دنا,23,KBD,کهگیلویه و بویراحمد
1705,بهمیی,23,KBD,کهگیلویه و بویراحمد
1706,چرام,23,KBD,کهگیلویه و بویراحمد
1707,باشت,23,KBD,کهگیلویه و بویراحمد
1708,لنده,23,KBD,کهگیلویه و بویراحمد
1700,یاسوج,23,KBD,کهگیلویه و بویراحمد
1709,پاتاوه,23,KBD,کهگیلویه و بویراحمد
1710,چیتاب,23,KBD,کهگیلویه و بویراحمد
1711,دوگنبدان,23,KBD,کهگیلویه و بویراحمد
1712,دهدشت,23,KBD,کهگیلویه و بویراحمد
1713,دیشموک,23,KBD,کهگیلویه و بویراحمد
1714,سوق,23,KBD,کهگیلویه و بویراحمد
1715,سی سخت,23,KBD,کهگیلویه و بویراحمد
1716,قلعه رئیسی,23,KBD,کهگیلویه و بویراحمد
1717,گراب سفلی,23,KBD,کهگیلویه و بویراحمد
1718,لیکک,23,KBD,کهگیلویه و بویراحمد
1719,مادوان,23,KBD,کهگیلویه و بویراحمد
1720,مارگون,23,KBD,کهگیلویه و بویراحمد
3596,سرفاریاب,23,KBD,کهگیلویه و بویراحمد
5475,قلعه رییسی,23,KBD,کهگیلویه و بویراحمد
9318,قلعه دختر,23,KBD,کهگیلویه و بویراحمد
1796,باباکلان,23,KBD,کهگیلویه و بویراحمد
7360,مظفراباد,23,KBD,کهگیلویه و بویراحمد
9618,دیل,23,KBD,کهگیلویه و بویراحمد
9989,شاه بهرام,23,KBD,کهگیلویه و بویراحمد
4876,چاه تلخاب علیا,23,KBD,کهگیلویه و بویراحمد
2701,بندرگز,24,GLS,گلستان
2702,ترکمن,24,GLS,گلستان
2704,کردکوی,24,GLS,گلستان
2705,گرگان,24,GLS,گلستان
2703,علی آباد,24,GLS,گلستان
2709,کلاله,24,GLS,گلستان
2710,آزادشهر,24,GLS,گلستان
2706,گنبدکاوس,24,GLS,گلستان
2707,مینودشت,24,GLS,گلستان
2708,آق قلا,24,GLS,گلستان
2711,رامیان,24,GLS,گلستان
2712,مراوه تپه,24,GLS,گلستان
2713,گمیشان,24,GLS,گلستان
2714,گالیکش,24,GLS,گلستان
2715,انبارآلوم,24,GLS,گلستان
2716,اینچه برون,24,GLS,گلستان
2717,جلین,24,GLS,گلستان
2718,خان ببین,24,GLS,گلستان
2719,دلند,24,GLS,گلستان
2720,سرخنکلاته,24,GLS,گلستان
2721,سیمین شهر,24,GLS,گلستان
2722,فاضل آباد,24,GLS,گلستان
2723,گمیش تپه,24,GLS,گلستان
2725,نگین شهر,24,GLS,گلستان
2726,نوده خاندوز,24,GLS,گلستان
2727,نوکنده,24,GLS,گلستان
3597,تاتارعلیا,24,GLS,گلستان
3598,سنگدوین,24,GLS,گلستان
3599,فراغی,24,GLS,گلستان
3600,مراوه,24,GLS,گلستان
3601,مزرعه,24,GLS,گلستان
7862,بندر گز,24,GLS,گلستان
1288,بندرترکمن,24,GLS,گلستان
4467,آزاد شهر,24,GLS,گلستان
8762,گنبد کاووس,24,GLS,گلستان
3023,مینو دشت(گلستان),24,GLS,گلستان
9857,تقی اباد-گلستان,24,GLS,گلستان
7396,انبار آلوم,24,GLS,گلستان
7435,حاجیکلاته,24,GLS,گلستان
9186,کرند,24,GLS,گلستان
2464,عزیزاباد-گلستان,24,GLS,گلستان
101,آستارا,25,GIL,گیلان
102,آستانه اشرفیه,25,GIL,گیلان
103,بندرانزلی,25,GIL,گیلان
104,طوالش,25,GIL,گیلان
105,رشت,25,GIL,گیلان
107,رودسر,25,GIL,گیلان
106,رودبار,25,GIL,گیلان
111,لاهیجان,25,GIL,گیلان
112,شفت,25,GIL,گیلان
108,صومعه سرا,25,GIL,گیلان
109,فومن,25,GIL,گیلان
110,لنگرود,25,GIL,گیلان
113,املش,25,GIL,گیلان
115,سیاهکل,25,GIL,گیلان
116,ماسال,25,GIL,گیلان
117,احمدسرگوراب,25,GIL,گیلان
118,اسالم,25,GIL,گیلان
119,اطاقور,25,GIL,گیلان
120,بازارجمعه,25,GIL,گیلان
121,بره سر,25,GIL,گیلان
122,پره سر,25,GIL,گیلان
123,توتکابن,25,GIL,گیلان
124,جیرنده,25,GIL,گیلان
125,چابکسر,25,GIL,گیلان
126,چاف وچمخاله,25,GIL,گیلان
127,چوبر,25,GIL,گیلان
128,حویق,25,GIL,گیلان
129,خشکبیجار,25,GIL,گیلان
130,خمام,25,GIL,گیلان
131,دیلمان,25,GIL,گیلان
132,رانکوه,25,GIL,گیلان
133,رحیم آباد,25,GIL,گیلان
134,رستم آباد,25,GIL,گیلان
135,رضوانشهر ,25,GIL,گیلان
137,رودبنه,25,GIL,گیلان
138,سنگر,25,GIL,گیلان
139,شلمان,25,GIL,گیلان
140,کلاچای,25,GIL,گیلان
141,کوچصفهان,25,GIL,گیلان
142,کومله,25,GIL,گیلان
143,کیاشهر,25,GIL,گیلان
144,گوراب زرمیخ,25,GIL,گیلان
145,لشت نشاء,25,GIL,گیلان
146,لوشان,25,GIL,گیلان
147,لولمان,25,GIL,گیلان
148,لوندویل,25,GIL,گیلان
149,لیسار,25,GIL,گیلان
150,ماسوله,25,GIL,گیلان
151,مرجقل,25,GIL,گیلان
152,منجیل,25,GIL,گیلان
153,واجارگاه,25,GIL,گیلان
154,هشتپر,25,GIL,گیلان
3603,ماکلوان,25,GIL,گیلان
1854,ابکنار,25,GIL,گیلان
7937,کپورچال,25,GIL,گیلان
2791,جیرهنده,25,GIL,گیلان
3759,لیچارکی حسن رود,25,GIL,گیلان
7173,خواچکین,25,GIL,گیلان
8668,بلسبنه,25,GIL,گیلان
4519,چاپارخانه,25,GIL,گیلان
5945,جیرکویه,25,GIL,گیلان
9235,ملاسرا,25,GIL,گیلان
4601,احمد سر گوراب,25,GIL,گیلان
2062,طاهرگوراب,25,GIL,گیلان
9153,ضیابر,25,GIL,گیلان
1983,مرکیه,25,GIL,گیلان
4503,هنده خاله,25,GIL,گیلان
4249,نوخاله اکبری,25,GIL,گیلان
5952,شیله وشت,25,GIL,گیلان
5786,جوکندان بزرگ,25,GIL,گیلان
8197,بازارخطبه سرا,25,GIL,گیلان
4887,پلاسی,25,GIL,گیلان
2064,بازار جمعه,25,GIL,گیلان
2877,پلنگ پاره,25,GIL,گیلان
8768,شیخ محله,25,GIL,گیلان
6735,ویرمونی,25,GIL,گیلان
7627,سیبلی,25,GIL,گیلان
5279,مشند,25,GIL,گیلان
9819,کوته کومه,25,GIL,گیلان
2821,حیران,25,GIL,گیلان
6608,پایین محله پاشاکی,25,GIL,گیلان
7880,گرماور,25,GIL,گیلان
7196,لیش,25,GIL,گیلان
3974,بارکوسرا,25,GIL,گیلان
3920,شیرین نسا,25,GIL,گیلان
3125,خرارود,25,GIL,گیلان
185,لسکوکلایه,25,GIL,گیلان
269,کیسم,25,GIL,گیلان
3807,شیرکوه چهارده,25,GIL,گیلان
7266,دهشال,25,GIL,گیلان
3093,دستک,25,GIL,گیلان
9734,پرگاپشت مهدی خانی,25,GIL,گیلان
6839,بیورزین,25,GIL,گیلان
4858,ویشان,25,GIL,گیلان
7190,کلیشم,25,GIL,گیلان
2199,علی اباد-گیلان,25,GIL,گیلان
9462,کلشتر,25,GIL,گیلان
4899,اسکولک,25,GIL,گیلان
9786,کوکنه,25,GIL,گیلان
8322,سلوش,25,GIL,گیلان
5784,دیوشل,25,GIL,گیلان
1563,پروش پایین,25,GIL,گیلان
2295,حسن سرا,25,GIL,گیلان
7433,طول لات,25,GIL,گیلان
8072,جنگ سرا,25,GIL,گیلان
7958,بلترک,25,GIL,گیلان
3821,کجید,25,GIL,گیلان
6274,گرمابدشت,25,GIL,گیلان
5481,شوییل,25,GIL,گیلان
6978,پونل,25,GIL,گیلان
1501,الیگودرز,26,LRS,لرستان
1502,بروجرد,26,LRS,لرستان
1503,خرم آباد,26,LRS,لرستان
1504,دلفان,26,LRS,لرستان
1505,دورود,26,LRS,لرستان
1506,کوهدشت,26,LRS,لرستان
1507,ازنا,26,LRS,لرستان
1508,پلدختر,26,LRS,لرستان
1509,سلسله,26,LRS,لرستان
1510,چگنی,26,LRS,لرستان
1511,رومشکان,26,LRS,لرستان
1512,اشترینان,26,LRS,لرستان
1513,الشتر,26,LRS,لرستان
1514,چالانچولان,26,LRS,لرستان
1515,چغلوندی,26,LRS,لرستان
1516,چقابل,26,LRS,لرستان
1517,درب گنبد,26,LRS,لرستان
1518,زاغه,26,LRS,لرستان
1519,سپیددشت,26,LRS,لرستان
1520,سراب دوره,26,LRS,لرستان
1521,شول آباد,26,LRS,لرستان
1522,فیروز آباد,26,LRS,لرستان
1523,کونانی,26,LRS,لرستان
1524,گراب,26,LRS,لرستان
1525,معمولان,26,LRS,لرستان
1526,مؤمن آباد,26,LRS,لرستان
1527,نور آباد,26,LRS,لرستان
1528,ویسیان,26,LRS,لرستان
1529,هفت چشمه,26,LRS,لرستان
3604,بیران شهر,26,LRS,لرستان
7143,ماسور,26,LRS,لرستان
1453,بیرانوند,26,LRS,لرستان
1772,برخوردار,26,LRS,لرستان
1458,فرهاداباد,26,LRS,لرستان
7751,دم باغ,26,LRS,لرستان
5844,کهریزوروشت,26,LRS,لرستان
3204,چشمه کیزاب علیا,26,LRS,لرستان
2738,تقی اباد-لرستان,26,LRS,لرستان
7247,خوشناموند,26,LRS,لرستان
4598,اشتره گل گل,26,LRS,لرستان
1850,سوری,26,LRS,لرستان
6069,پاعلم (پل تنگ ),26,LRS,لرستان
2768,واشیان نصیرتپه,26,LRS,لرستان
2293,چمشک زیرتنگ,26,LRS,لرستان
2061,افرینه,26,LRS,لرستان
868,میان تاگان,26,LRS,لرستان
8696,پل شوراب پایین,26,LRS,لرستان
2955,شاهپوراباد,26,LRS,لرستان
5530,چمن سلطان,26,LRS,لرستان
5504,کیزاندره,26,LRS,لرستان
6191,قلعه بزنوید,26,LRS,لرستان
4266,حیه,26,LRS,لرستان
5719,مرگ سر,26,LRS,لرستان
3488,مومن آباد(لرستان),26,LRS,لرستان
9208,رازان,26,LRS,لرستان
9728,سیاه گوشی (پل هرو),26,LRS,لرستان
4062,سرابدوره,26,LRS,لرستان
1649,چاه ذوالفقار,26,LRS,لرستان
6916,چم پلک,26,LRS,لرستان
8138,ژان,26,LRS,لرستان
9785,کاغه,26,LRS,لرستان
7577,سپید دشت,26,LRS,لرستان
5319,چم سنگر,26,LRS,لرستان
1756,ایستگاه تنگ هفت,26,LRS,لرستان
2085,مکینه حکومتی,26,LRS,لرستان
7662,سراب سیاهپوش,26,LRS,لرستان
7733,ده رحم,26,LRS,لرستان
1576,بندیزه,26,LRS,لرستان
6943,دره گرگ,26,LRS,لرستان
201,آمل,27,MZN,مازندران
202,بابل,27,MZN,مازندران
204,بهشهر,27,MZN,مازندران
205,تنکابن,27,MZN,مازندران
206,رامسر,27,MZN,مازندران
207,ساری,27,MZN,مازندران
210,قائم شهر,27,MZN,مازندران
214,نور,27,MZN,مازندران
208,سوادکوه,27,MZN,مازندران
215,نوشهر,27,MZN,مازندران
218,محمودآباد,27,MZN,مازندران
216,بابلسر,27,MZN,مازندران
219,نکا,27,MZN,مازندران
220,چالوس,27,MZN,مازندران
221,جویبار,27,MZN,مازندران
227,سوادکوه شمالی,27,MZN,مازندران
228,کلاردشت,27,MZN,مازندران
222,گلوگاه,27,MZN,مازندران
223,فریدونکنار,27,MZN,مازندران
224,عباس آباد,27,MZN,مازندران
225,میاندورود,27,MZN,مازندران
226,سیمرغ,27,MZN,مازندران
211,تالش,27,MZN,مازندران
229,امیرکلا,27,MZN,مازندران
230,ایزدشهر,27,MZN,مازندران
231,آلاشت,27,MZN,مازندران
232,بلده,27,MZN,مازندران
233,بهنمیر,27,MZN,مازندران
234,پل سفید,27,MZN,مازندران
235,پول,27,MZN,مازندران
236,چمستان,27,MZN,مازندران
237,خرم آباد ,27,MZN,مازندران
238,خلیل شهر,27,MZN,مازندران
239,خوش رودپی,27,MZN,مازندران
240,دابودشت,27,MZN,مازندران
241,رستمکلا,27,MZN,مازندران
242,رویان,27,MZN,مازندران
243,رینه,27,MZN,مازندران
244,زرگر محله,27,MZN,مازندران
245,زیرآب,27,MZN,مازندران
246,سرخرود,27,MZN,مازندران
247,سلمان شهر,27,MZN,مازندران
248,سورک,27,MZN,مازندران
249,شیرگاه,27,MZN,مازندران
250,شیرود,27,MZN,مازندران
251,فریم,27,MZN,مازندران
252,کتالم وسادات شهر,27,MZN,مازندران
253,کلارآباد,27,MZN,مازندران
254,کله بست,27,MZN,مازندران
255,کوهی خیل,27,MZN,مازندران
256,کیاسر,27,MZN,مازندران
257,کیاکلا,27,MZN,مازندران
258,گتاب,27,MZN,مازندران
259,گزنک,27,MZN,مازندران
261,مرزن آباد,27,MZN,مازندران
262,مرزیکلا,27,MZN,مازندران
263,نشتارود,27,MZN,مازندران
3605,ارطه,27,MZN,مازندران
3606,امامزاده عبدالله,27,MZN,مازندران
3607,پایین هولار,27,MZN,مازندران
3608,کجور,27,MZN,مازندران
3609,هادی شهر,27,MZN,مازندران
3610,هچیرود,27,MZN,مازندران
7004,سلمانشهر,27,MZN,مازندران
4707,زیر آب,27,MZN,مازندران
7467,معلم کلا,27,MZN,مازندران
9560,وسطی کلا,27,MZN,مازندران
9131,سوا,27,MZN,مازندران
7091,باییجان,27,MZN,مازندران
4151,بنفشه ده,27,MZN,مازندران
7746,رییس کلا,27,MZN,مازندران
5303,تاکر,27,MZN,مازندران
4196,گلندرود,27,MZN,مازندران
7044,چلندر,27,MZN,مازندران
7276,صلاح الدین کلا,27,MZN,مازندران
9136,نارنج بن,27,MZN,مازندران
4991,لشکنار,27,MZN,مازندران
136,هیچرود,27,MZN,مازندران
3844,کردیچال,27,MZN,مازندران
4833,کلنو,27,MZN,مازندران
8615,دلیر,27,MZN,مازندران
1592,سیاه بیشه,27,MZN,مازندران
8356,سرلنگا,27,MZN,مازندران
662,کترا,27,MZN,مازندران
892,گلعلی اباد,27,MZN,مازندران
6328,میان کوه سادات,27,MZN,مازندران
7976,مران سه هزار,27,MZN,مازندران
9619,قلعه گردن,27,MZN,مازندران
5896,سلیمان اباد,27,MZN,مازندران
4625,کشکو,27,MZN,مازندران
7748,لاک تراشان,27,MZN,مازندران
9419,سادات محله,27,MZN,مازندران
6282,اغوزکتی,27,MZN,مازندران
6985,جواهرده,27,MZN,مازندران
7648,جنت رودبار,27,MZN,مازندران
8357,تمل,27,MZN,مازندران
7833,خوشرودپی,27,MZN,مازندران
2280,اهنگرکلا,27,MZN,مازندران
3782,گاوانکلا,27,MZN,مازندران
6864,شورکش,27,MZN,مازندران
3907,اینج دان,27,MZN,مازندران
3333,عرب خیل,27,MZN,مازندران
1791,کاسگرمحله,27,MZN,مازندران
6250,بیشه سر,27,MZN,مازندران
9899,درازکش,27,MZN,مازندران
8474,گردرودبار,27,MZN,مازندران
6356,مرزی کلا,27,MZN,مازندران
8703,شهیداباد,27,MZN,مازندران
1561,زرگرمحله,27,MZN,مازندران
8258,بالاجنیدلاک پل,27,MZN,مازندران
4457,خطیرکلا,27,MZN,مازندران
9256,حاجی کلاصنم,27,MZN,مازندران
4408,واسکس,27,MZN,مازندران
1900,ریکنده,27,MZN,مازندران
7289,بالادسته رکن کنار,27,MZN,مازندران
7080,بیزکی,27,MZN,مازندران
9893,سنگتاب,27,MZN,مازندران
9603,رکابدارکلا,27,MZN,مازندران
9546,شیرکلا,27,MZN,مازندران
1530,لفور (لفورک ),27,MZN,مازندران
3926,اتو,27,MZN,مازندران
8613,پالند,27,MZN,مازندران
7911,چرات,27,MZN,مازندران
6785,ده میان,27,MZN,مازندران
1695,خشک دره,27,MZN,مازندران
5970,امافت,27,MZN,مازندران
6498,بالادواب,27,MZN,مازندران
9300,ورسک,27,MZN,مازندران
7066,کتی لته,27,MZN,مازندران
8940,اروست,27,MZN,مازندران
8005,سنگده,27,MZN,مازندران
4639,قادیکلا,27,MZN,مازندران
8053,تاکام,27,MZN,مازندران
9356,بالاهولار,27,MZN,مازندران
8402,اسبوکلا,27,MZN,مازندران
6101,شهرک صنعتی گهرباران,27,MZN,مازندران
186,فرح اباد (خزراباد),27,MZN,مازندران
4144,دارابکلا,27,MZN,مازندران
4023,ماچک پشت,27,MZN,مازندران
1681,خورشید (امامیه ),27,MZN,مازندران
9415,زاغمرز,27,MZN,مازندران
8616,چلمردی,27,MZN,مازندران
7128,رستم کلا,27,MZN,مازندران
6957,پایین زرندین,27,MZN,مازندران
5091,بادابسر,27,MZN,مازندران
8207,تیرتاش,27,MZN,مازندران
3714,دامداری حسن ابوطالبی,27,MZN,مازندران
4453,بیشه بنه,27,MZN,مازندران
1634,سفیدچاه,27,MZN,مازندران
4724,دامداری حاج عزیزمجریان,27,MZN,مازندران
3749,میان دره,27,MZN,مازندران
2977,بندپی,27,MZN,مازندران
1,اراک,28,MKZ,مرکزی
2,آشتیان,28,MKZ,مرکزی
3,تفرش,28,MKZ,مرکزی
4,خمین,28,MKZ,مرکزی
6,ساوه,28,MKZ,مرکزی
5,دلیجان,28,MKZ,مرکزی
9,محلات,28,MKZ,مرکزی
12,خنداب,28,MKZ,مرکزی
7,شازند,28,MKZ,مرکزی
10,زرندیه,28,MKZ,مرکزی
11,کمیجان,28,MKZ,مرکزی
13,فراهان,28,MKZ,مرکزی
14,آستانه,28,MKZ,مرکزی
15,پرندک,28,MKZ,مرکزی
16,توره,28,MKZ,مرکزی
17,جاورسیان,28,MKZ,مرکزی
18,خشکرود,28,MKZ,مرکزی
19,داودآباد,28,MKZ,مرکزی
20,رازقان,28,MKZ,مرکزی
21,زاویه,28,MKZ,مرکزی
22,ساروق,28,MKZ,مرکزی
23,سنجان,28,MKZ,مرکزی
24,شهرجدیدمهاجران,28,MKZ,مرکزی
25,غرق آباد,28,MKZ,مرکزی
26,فرمهین,28,MKZ,مرکزی
27,قورچی باشی,28,MKZ,مرکزی
28,کرهرود,28,MKZ,مرکزی
29,مأمونیه,28,MKZ,مرکزی
30,میلاجرد,28,MKZ,مرکزی
31,نراق,28,MKZ,مرکزی
32,نوبران,28,MKZ,مرکزی
33,نیمور,28,MKZ,مرکزی
34,هندودر,28,MKZ,مرکزی
3611,اوه,28,MKZ,مرکزی
3612,خنجین,28,MKZ,مرکزی
3613,شهباز,28,MKZ,مرکزی
3614,کارچان,28,MKZ,مرکزی
4056,رباطمراد,28,MKZ,مرکزی
4715,مامونیه,28,MKZ,مرکزی
2848,سلطان اباد-مرکزی,28,MKZ,مرکزی
9985,اصفهانک,28,MKZ,مرکزی
6024,حسین اباد-مرکزی,28,MKZ,مرکزی
6905,حکیم اباد,28,MKZ,مرکزی
4595,یحیی اباد-مرکزی,28,MKZ,مرکزی
6057,صدراباد,28,MKZ,مرکزی
4757,نخجیروان,28,MKZ,مرکزی
3477,باقراباد,28,MKZ,مرکزی
8162,بزیجان,28,MKZ,مرکزی
5010,عیسی اباد,28,MKZ,مرکزی
8376,خورهه,28,MKZ,مرکزی
5280,ادشته,28,MKZ,مرکزی
7593,استوه,28,MKZ,مرکزی
8701,اناج,28,MKZ,مرکزی
4096,وفس,28,MKZ,مرکزی
5347,خسروبیگ,28,MKZ,مرکزی
3124,سمقاور,28,MKZ,مرکزی
8251,هزاوه,28,MKZ,مرکزی
7561,هفته,28,MKZ,مرکزی
5029,لنجرود,28,MKZ,مرکزی
4424,کزاز,28,MKZ,مرکزی
8699,کتیران بالا,28,MKZ,مرکزی
3240,نهرمیان,28,MKZ,مرکزی
1783,سرسختی بالا,28,MKZ,مرکزی
1596,لوزدرعلیا,28,MKZ,مرکزی
7971,تواندشت علیا,28,MKZ,مرکزی
8741,مالمیر,28,MKZ,مرکزی
5632,چهارچریک,28,MKZ,مرکزی
3117,چهارچشمه,28,MKZ,مرکزی
3831,لکان,28,MKZ,مرکزی
4426,ورچه,28,MKZ,مرکزی
650,فرفهان,28,MKZ,مرکزی
4613,امامزاده ورچه,28,MKZ,مرکزی
1235,رباطکفسان,28,MKZ,مرکزی
7228,ریحان علیا,28,MKZ,مرکزی
9799,جزنق,28,MKZ,مرکزی
7944,خوراوند,28,MKZ,مرکزی
7773,میشیجان علیا,28,MKZ,مرکزی
7318,دهنو-مرکزی,28,MKZ,مرکزی
2134,یل اباد,28,MKZ,مرکزی
7525,الویر,28,MKZ,مرکزی
2371,دوزج,28,MKZ,مرکزی
7136,علیشار,28,MKZ,مرکزی
5835,بالقلو,28,MKZ,مرکزی
5626,قاقان,28,MKZ,مرکزی
5697,دخان,28,MKZ,مرکزی
8488,شهراب-مرکزی,28,MKZ,مرکزی
6766,زاغر,28,MKZ,مرکزی
3196,فشک,28,MKZ,مرکزی
9956,اهنگران,28,MKZ,مرکزی
6701,مزرعه نو,28,MKZ,مرکزی
4723,صالح اباد(مرکزی),28,MKZ,مرکزی
8973,سیاوشان,28,MKZ,مرکزی
4012,اهو,28,MKZ,مرکزی
2201,ابوموسی,29,HRZ,هرمزگان
2202,بندرعباس,29,HRZ,هرمزگان
2203,بندرلنگه,29,HRZ,هرمزگان
2204,قشم,29,HRZ,هرمزگان
2205,میناب,29,HRZ,هرمزگان
2206,جاسک,29,HRZ,هرمزگان
2207,رودان,29,HRZ,هرمزگان
2209,بستک,29,HRZ,هرمزگان
2210,خمیر,29,HRZ,هرمزگان
2211,پارسیان,29,HRZ,هرمزگان
2212,سیریک,29,HRZ,هرمزگان
2213,بشاگرد,29,HRZ,هرمزگان
2214,کیش,29,HRZ,هرمزگان
2215,بندرجاسک,29,HRZ,هرمزگان
2216,بندرچارک,29,HRZ,هرمزگان
2217,بیکاه,29,HRZ,هرمزگان
2218,تخت,29,HRZ,هرمزگان
2219,جناح,29,HRZ,هرمزگان
2220,حاجی آباد  ,29,HRZ,هرمزگان
2221,درگهان,29,HRZ,هرمزگان
2222,دهبارز,29,HRZ,هرمزگان
2223,رویدر,29,HRZ,هرمزگان
2224,زیارتعلی,29,HRZ,هرمزگان
2225,سردشت بشاگرد,29,HRZ,هرمزگان
2226,سرگز,29,HRZ,هرمزگان
2227,سندرک,29,HRZ,هرمزگان
2228,سوزا,29,HRZ,هرمزگان
2229,فارغان,29,HRZ,هرمزگان
2230,فین,29,HRZ,هرمزگان
2231,قلعه قاضی,29,HRZ,هرمزگان
2232,کنگ,29,HRZ,هرمزگان
2233,کوشکنار,29,HRZ,هرمزگان
2234,گوهران,29,HRZ,هرمزگان
2235,هرمز,29,HRZ,هرمزگان
2236,هشتبندی,29,HRZ,هرمزگان
2237,انگهران,29,HRZ,هرمزگان
2238,تنب بزرگ,29,HRZ,هرمزگان
3615,تازیان پایین,29,HRZ,هرمزگان
3616,تیرور,29,HRZ,هرمزگان
3617,کوهستک,29,HRZ,هرمزگان
3618,گروک,29,HRZ,هرمزگان
3619,لمزان,29,HRZ,هرمزگان
195,پشته ایسین,29,HRZ,هرمزگان
8054,پل شرقی,29,HRZ,هرمزگان
7553,سیاهو,29,HRZ,هرمزگان
9388,باغات,29,HRZ,هرمزگان
825,ابگرم خورگو,29,HRZ,هرمزگان
2185,حسن لنگی پایین,29,HRZ,هرمزگان
4126,گونمردی,29,HRZ,هرمزگان
2565,گوهرت,29,HRZ,هرمزگان
574,جزیره لارک شهری,29,HRZ,هرمزگان
1668,هنگام جدید,29,HRZ,هرمزگان
9692,جزیره سیری,29,HRZ,هرمزگان
7315,بوموسی,29,HRZ,هرمزگان
2881,پدل,29,HRZ,هرمزگان
3627,دژگان,29,HRZ,هرمزگان
5054,دهنگ,29,HRZ,هرمزگان
8593,کمشک,29,HRZ,هرمزگان
6151,گزیر,29,HRZ,هرمزگان
6491,بندرمغویه,29,HRZ,هرمزگان
7192,چارک,29,HRZ,هرمزگان
8489,جزیره لاوان,29,HRZ,هرمزگان
6641,بندر,29,HRZ,هرمزگان
5942,درپهن,29,HRZ,هرمزگان
1190,کلورجکدان,29,HRZ,هرمزگان
9207,جغین,29,HRZ,هرمزگان
539,زیارت علی,29,HRZ,هرمزگان
2896,ماشنگی,29,HRZ,هرمزگان
6875,گوربند,29,HRZ,هرمزگان
5433,تیاب,29,HRZ,هرمزگان
3851,بندزرک,29,HRZ,هرمزگان
1301,تویسرکان,30,HDN,همدان
1302,ملایر,30,HDN,همدان
1303,نهاوند,30,HDN,همدان
1305,کبودرآهنگ,30,HDN,همدان
1304,همدان,30,HDN,همدان
1306,اسدآباد,30,HDN,همدان
1307,بهار,30,HDN,همدان
1308,رزن,30,HDN,همدان
1309,فامنین,30,HDN,همدان
1310,ازندریان,30,HDN,همدان
1311,برزول,30,HDN,همدان
1312,جورقان,30,HDN,همدان
1313,جوکار,30,HDN,همدان
1314,دمق,30,HDN,همدان
1315,زنگنه,30,HDN,همدان
1316,سامن,30,HDN,همدان
1317,سرکان,30,HDN,همدان
1318,شیرین سو,30,HDN,همدان
1319,صالح آباد   ,30,HDN,همدان
1320,فرسفج,30,HDN,همدان
1321,فیروزان,30,HDN,همدان
1322,قروه در جزین,30,HDN,همدان
1323,قهاوند,30,HDN,همدان
1324,گل تپه,30,HDN,همدان
1325,گیان,30,HDN,همدان
1326,لالجین,30,HDN,همدان
1327,مریانج,30,HDN,همدان
3620,اجین,30,HDN,همدان
1979,دیناراباد,30,HDN,همدان
1746,همه کسی,30,HDN,همدان
1885,پرلوک,30,HDN,همدان
6456,حسین ابادبهارعاشوری,30,HDN,همدان
9058,مهاجران,30,HDN,همدان
3227,ویرایی,30,HDN,همدان
9924,جنت اباد-همدان,30,HDN,همدان
2195,موسی اباد-همدان,30,HDN,همدان
1399,چنارسفلی,30,HDN,همدان
6372,چنارعلیا,30,HDN,همدان
2315,آجین,30,HDN,همدان
8816,طویلان سفلی,30,HDN,همدان
5023,کوریجان,30,HDN,همدان
3909,قهوردسفلی,30,HDN,همدان
3319,اکنلو,30,HDN,همدان
4132,داق داق اباد,30,HDN,همدان
5451,تجرک,30,HDN,همدان
7193,کوزره,30,HDN,همدان
1875,چانگرین,30,HDN,همدان
4047,قروه درجزین,30,HDN,همدان
8564,ازناو,30,HDN,همدان
9661,جوزان-همدان,30,HDN,همدان
5139,اورزمان,30,HDN,همدان
5198,میانده-همدان,30,HDN,همدان
9089,ولاشجرد,30,HDN,همدان
7841,اشتران,30,HDN,همدان
4892,باباپیر,30,HDN,همدان
7670,جهان اباد,30,HDN,همدان
5063,باباقاسم,30,HDN,همدان
5345,بابارستم,30,HDN,همدان
3054,دهفول,30,HDN,همدان
7779,شهرک صنعتی بوعلی,30,HDN,همدان
6574,پایگاه نوژه,30,HDN,همدان
6105,علیصدر,30,HDN,همدان
5738,گنبد,30,HDN,همدان
8500,پادگان قهرمان,30,HDN,همدان
2101,اردکان,31,YZD,یزد
2102,بافق,31,YZD,یزد
2103,تفت,31,YZD,یزد
2104,مهریز,31,YZD,یزد
2105,یزد,31,YZD,یزد
2106,میبد,31,YZD,یزد
2107,ابرکوه,31,YZD,یزد
2108,اشکذر,31,YZD,یزد
2109,خاتم,31,YZD,یزد
2111,بهاباد,31,YZD,یزد
2112,احمدآباد,31,YZD,یزد
2114,بفروئیه,31,YZD,یزد
2115,حمیدیا,31,YZD,یزد
2116,خضرآباد,31,YZD,یزد
2117,دیهوک,31,YZD,یزد
2118,زارچ,31,YZD,یزد
2119,شاهدیه,31,YZD,یزد
2120,طبس,31,YZD,یزد
2121,عشق آباد ,31,YZD,یزد
2122,عقدا,31,YZD,یزد
2123,مروست,31,YZD,یزد
2124,مهردشت,31,YZD,یزد
2125,ندوشن,31,YZD,یزد
2126,نیر ,31,YZD,یزد
2127,هرات,31,YZD,یزد
1178,فراغه,31,YZD,یزد
7327,اسفنداباد,31,YZD,یزد
6113,خضر آباد,31,YZD,یزد
3715,احمد آباد (یزد),31,YZD,یزد
1277,زرین,31,YZD,یزد
4368,اسفیج,31,YZD,یزد
3947,بنستان,31,YZD,یزد
465,تنگ چنار (چنار),31,YZD,یزد
5796,ارنان,31,YZD,یزد
7372,بهادران,31,YZD,یزد
5050,فتح اباد-یزد,31,YZD,یزد
4498,ناحیه صنعتی پیشکوه,31,YZD,یزد
5740,نصراباد(یزد),31,YZD,یزد
8150,علی اباد-یزد,31,YZD,یزد
1347,ناحیه صنعتی گاریزات,31,YZD,یزد
9677,دهشیر,31,YZD,یزد
