3779,302,اهر,1,اهر,آذربایجان شرقی,EAZ
3780,303,تبریز,1,تبریز,آذربایجان شرقی,EAZ
3781,306,مراغه,1,مراغه,آذربایجان شرقی,EAZ
3782,305,سراب,1,سراب,آذربایجان شرقی,EAZ
3783,307,مرند,1,مرند,آذربایجان شرقی,EAZ
3784,310,میانه,1,میانه,آذربایجان شرقی,EAZ
3785,311,هشترود,1,هشترود,آذربایجان شرقی,EAZ
3786,312,بناب,1,بناب,آذربایجان شرقی,EAZ
3787,314,شبستر,1,شبستر,آذربایجان شرقی,EAZ
3788,315,کلیبر,1,کلیبر,آذربایجان شرقی,EAZ
3789,316,هریس,1,هریس,آذربایجان شرقی,EAZ
3790,319,جلفا,1,جلفا,آذربایجان شرقی,EAZ
3791,320,ملکان,1,ملکان,آذربایجان شرقی,EAZ
3792,321,آذرشهر,1,آذرشهر,آذربایجان شرقی,EAZ
3793,324,ورزقان,1,ورزقان,آذربایجان شرقی,EAZ
3794,322,اسکو,1,اسکو,آذربایجان شرقی,EAZ
3795,323,چاراویماق,1,چاراویماق,آذربایجان شرقی,EAZ
3796,327,هوراند,1,هوراند,آذربایجان شرقی,EAZ
4159,328,ایلخچی,1,ایلخچی,آذربایجان شرقی,EAZ
4160,330,آقکند,1,آقکند,آذربایجان شرقی,EAZ
4161,331,باسمنج,1,باسمنج,آذربایجان شرقی,EAZ
4162,332,بخشایش,1,بخشایش,آذربایجان شرقی,EAZ
4163,334,ترک,1,ترک,آذربایجان شرقی,EAZ
4164,335,ترکمانچای,1,ترکمانچای,آذربایجان شرقی,EAZ
4165,336,تسوج,1,تسوج,آذربایجان شرقی,EAZ
4166,338,خاروانا,1,خاروانا,آذربایجان شرقی,EAZ
4167,339,خامنه,1,خامنه,آذربایجان شرقی,EAZ
4168,340,خراجو,1,خراجو,آذربایجان شرقی,EAZ
4169,341,خسروشهر,1,خسروشهر,آذربایجان شرقی,EAZ
4170,342,خمارلو,1,خمارلو,آذربایجان شرقی,EAZ
4171,343,خواجه,1,خواجه,آذربایجان شرقی,EAZ
4172,344,دوزدوزان,1,دوزدوزان,آذربایجان شرقی,EAZ
4173,345,زرنق,1,زرنق,آذربایجان شرقی,EAZ
4174,346,زنوز,1,زنوز,آذربایجان شرقی,EAZ
4175,347,سردرود,1,سردرود,آذربایجان شرقی,EAZ
4176,348,سیس,1,سیس,آذربایجان شرقی,EAZ
4177,349,سیه رود,1,سیه رود,آذربایجان شرقی,EAZ
4178,350,شربیان,1,شربیان,آذربایجان شرقی,EAZ
4179,351,شرفخانه,1,شرفخانه,آذربایجان شرقی,EAZ
4180,352,شندآباد,1,شندآباد,آذربایجان شرقی,EAZ
4181,354,صوفیان,1,صوفیان,آذربایجان شرقی,EAZ
4182,357,کلوانق,1,کلوانق,آذربایجان شرقی,EAZ
4183,359,گوگان,1,گوگان,آذربایجان شرقی,EAZ
4184,360,لیلان,1,لیلان,آذربایجان شرقی,EAZ
4185,361,ممقان,1,ممقان,آذربایجان شرقی,EAZ
4186,362,مهربان,1,مهربان,آذربایجان شرقی,EAZ
4187,363,نظرکهریزی,1,نظرکهریزی,آذربایجان شرقی,EAZ
4188,364,وایقان,1,وایقان,آذربایجان شرقی,EAZ
4189,365,هادیشهر,1,هادیشهر,آذربایجان شرقی,EAZ
4190,366,یامچی,1,یامچی,آذربایجان شرقی,EAZ
4701,3501,تیمورلو,1,تیمورلو,آذربایجان شرقی,EAZ
4702,3502,جوان قلعه,1,جوان قلعه,آذربایجان شرقی,EAZ
4703,3504,مبارک شهر,1,مبارک شهر,آذربایجان شرقی,EAZ
3797,401,ارومیه,2,ارومیه,آذربایجان غربی,WAZ
3798,402,پیرانشهر,2,پیرانشهر,آذربایجان غربی,WAZ
3799,403,خوی,2,خوی,آذربایجان غربی,WAZ
3800,404,سردشت,2,سردشت,آذربایجان غربی,WAZ
3801,405,سلماس,2,سلماس,آذربایجان غربی,WAZ
3802,407,مهاباد,2,مهاباد,آذربایجان غربی,WAZ
3803,406,ماکو,2,ماکو,آذربایجان غربی,WAZ
3804,408,میاندوآب,2,میاندوآب,آذربایجان غربی,WAZ
3805,410,بوکان,2,بوکان,آذربایجان غربی,WAZ
3806,409,نقده,2,نقده,آذربایجان غربی,WAZ
3807,412,تکاب,2,تکاب,آذربایجان غربی,WAZ
3808,413,اشنویه,2,اشنویه,آذربایجان غربی,WAZ
3809,415,پلدشت,2,پلدشت,آذربایجان غربی,WAZ
3810,416,چایپاره,2,چایپاره,آذربایجان غربی,WAZ
3811,417,شوط,2,شوط,آذربایجان غربی,WAZ
4191,418,آواجیق,2,آواجیق,آذربایجان غربی,WAZ
4192,419,باروق,2,باروق,آذربایجان غربی,WAZ
4193,420,بازرگان,2,بازرگان,آذربایجان غربی,WAZ
4194,421,تازه شهر,2,تازه شهر,آذربایجان غربی,WAZ
4195,422,چهاربرج,2,چهاربرج,آذربایجان غربی,WAZ
4196,423,خلیفان,2,خلیفان,آذربایجان غربی,WAZ
4197,424,دیزج دیز,2,دیزج دیز,آذربایجان غربی,WAZ
4198,425,ربط,2,ربط,آذربایجان غربی,WAZ
4199,426,سرو,2,سرو,آذربایجان غربی,WAZ
4200,427,سیلوانه,2,سیلوانه,آذربایجان غربی,WAZ
4201,428,سیمینه,2,سیمینه,آذربایجان غربی,WAZ
4202,430,فیرورق,2,فیرورق,آذربایجان غربی,WAZ
4203,431,قره ضیاءالدین,2,قره ضیاءالدین,آذربایجان غربی,WAZ
4204,432,قطور,2,قطور,آذربایجان غربی,WAZ
4205,433,قوشچی,2,قوشچی,آذربایجان غربی,WAZ
4206,434,کشاورز,2,کشاورز,آذربایجان غربی,WAZ
4207,435,گردکشانه,2,گردکشانه,آذربایجان غربی,WAZ
4208,436,محمدیار,2,محمدیار,آذربایجان غربی,WAZ
4209,437,محمودآباد,2,محمودآباد,آذربایجان غربی,WAZ
4210,439,میرآباد,2,میرآباد,آذربایجان غربی,WAZ
4211,440,نالوس,2,نالوس,آذربایجان غربی,WAZ
4212,441,نوشین,2,نوشین,آذربایجان غربی,WAZ
4704,3505,مرگنلر,2,مرگنلر,آذربایجان غربی,WAZ
4705,3506,نازک علیا,2,نازک علیا,آذربایجان غربی,WAZ
4011,2401,اردبیل,3,اردبیل,اردبیل,ADL
4012,2403,خلخال,3,خلخال,اردبیل,ADL
4013,2405,گرمی,3,گرمی,اردبیل,ADL
4014,2408,نمین,3,نمین,اردبیل,ADL
4015,2409,نیر,3,نیر,اردبیل,ADL
4016,2410,سرعین,3,سرعین,اردبیل,ADL
4017,2411,اصلاندوز,3,اصلاندوز,اردبیل,ADL
4057,2414,تازه کندانگوت,3,تازه کندانگوت,اردبیل,ADL
4058,2415,جعفرآباد,3,جعفرآباد,اردبیل,ADL
4059,2416,رضی,3,رضی,اردبیل,ADL
4060,2417,عنبران,3,عنبران,اردبیل,ADL
4061,2419,کلور,3,کلور,اردبیل,ADL
4062,2420,کوراییم,3,کوراییم,اردبیل,ADL
4063,2421,گیوی,3,گیوی,اردبیل,ADL
4064,2422,لاهرود,3,لاهرود,اردبیل,ADL
4065,2423,مرادلو,3,مرادلو,اردبیل,ADL
4066,2424,هشتجین,3,هشتجین,اردبیل,ADL
4067,2425,هیر,3,هیر,اردبیل,ADL
4706,3507,اسلام اباد,3,اسلام اباد,اردبیل,ADL
4707,3508,قصابه,3,قصابه,اردبیل,ADL
3905,1001,اردستان,4,اردستان,اصفهان,ESF
3906,1002,اصفهان,4,اصفهان,اصفهان,ESF
3907,1004,خوانسار,4,خوانسار,اصفهان,ESF
3908,1005,سمیرم,4,سمیرم,اصفهان,ESF
3909,1008,فلاورجان,4,فلاورجان,اصفهان,ESF
3910,1009,شهرضا,4,شهرضا,اصفهان,ESF
3911,1010,کاشان,4,کاشان,اصفهان,ESF
3912,1011,گلپایگان,4,گلپایگان,اصفهان,ESF
3913,1013,نایین,4,نایین,اصفهان,ESF
3914,1015,نطنز,4,نطنز,اصفهان,ESF
3915,1017,مبارکه,4,مبارکه,اصفهان,ESF
3916,1018,آران وبیدگل,4,آران و بیدگل,اصفهان,ESF
3917,1020,چادگان,4,چادگان,اصفهان,ESF
3918,1021,دهاقان,4,دهاقان,اصفهان,ESF
4068,1026,ابریشم,4,ابریشم,اصفهان,ESF
4069,1027,ابوزیدآباد,4,ابوزیدآباد,اصفهان,ESF
4070,1028,اژیه,4,اژیه,اصفهان,ESF
4071,1029,افوس,4,افوس,اصفهان,ESF
4072,1030,انارک,4,انارک,اصفهان,ESF
4073,1031,ایمانشهر,4,ایمانشهر,اصفهان,ESF
4074,1032,بادرود,4,بادرود,اصفهان,ESF
4075,1033,باغ بهادران,4,باغ بهادران,اصفهان,ESF
4076,1034,بافران,4,بافران,اصفهان,ESF
4077,1035,برزک,4,برزک,اصفهان,ESF
4078,1038,بهاران شهر,4,بهاران شهر,اصفهان,ESF
4079,1039,بهارستان,4,بهارستان,اصفهان,ESF
4080,1040,پیربکران,4,پیربکران,اصفهان,ESF
4081,1041,تودشک,4,تودشک,اصفهان,ESF
4082,1042,تیران,4,تیران,اصفهان,ESF
4083,1043,جندق,4,جندق,اصفهان,ESF
4084,1044,جوزدان,4,جوزدان,اصفهان,ESF
4085,1045,جوشقان وکامو,4,جوشقان و کامو,اصفهان,ESF
4086,1046,چرمهین,4,چرمهین,اصفهان,ESF
4087,1047,چمگردان,4,چمگردان,اصفهان,ESF
4088,1048,حبیب آباد,4,حبیب آباد,اصفهان,ESF
4089,1050,حنا,4,حنا,اصفهان,ESF
4090,1051,خالدآباد,4,خالدآباد,اصفهان,ESF
4091,1052,خور,4,خور,اصفهان,ESF
4092,1053,خوراسگان,4,خوراسگان,اصفهان,ESF
4093,1054,خورزوق,4,خورزوق,اصفهان,ESF
4094,1055,داران,4,داران,اصفهان,ESF
4095,1056,دامنه,4,دامنه,اصفهان,ESF
4096,1058,دستگرد,4,دستگرد,اصفهان,ESF
4097,1059,دولت آباد,4,دولت آباد,اصفهان,ESF
4098,1060,دهق,4,دهق,اصفهان,ESF
4099,1061,دیزیچه,4,دیزیچه,اصفهان,ESF
4100,1062,رزوه,4,رزوه,اصفهان,ESF
4101,1063,رضوانشهر,4,رضوانشهر,اصفهان,ESF
4102,1064,زاینده رود,4,زاینده رود,اصفهان,ESF
4103,1066,زواره,4,زواره,اصفهان,ESF
4104,1067,زیباشهر,4,زیباشهر,اصفهان,ESF
4105,1068,سده لنجان,4,سده لنجان,اصفهان,ESF
4106,1069,سفیدشهر,4,سفیدشهر,اصفهان,ESF
4107,1071,شاپورآباد,4,شاپورآباد,اصفهان,ESF
4108,1073,طالخونچه,4,طالخونچه,اصفهان,ESF
4109,1074,عسگران,4,عسگران,اصفهان,ESF
4110,1076,فرخی,4,فرخی,اصفهان,ESF
4111,1077,فولادشهر,4,فولادشهر,اصفهان,ESF
4112,1078,قمصر,4,قمصر,اصفهان,ESF
4113,1079,قهجاورستان,4,قهجاورستان,اصفهان,ESF
4114,1080,قهدریجان,4,قهدریجان,اصفهان,ESF
4115,1081,کرکوند,4,کرکوند,اصفهان,ESF
4116,1082,کلیشادوسودرجان,4,کلیشادوسودرجان,اصفهان,ESF
4117,1084,کمه,4,کمه,اصفهان,ESF
4118,1085,کوشک,4,کوشک,اصفهان,ESF
4119,1086,کوهپایه,4,کوهپایه,اصفهان,ESF
4120,1087,کهریزسنگ,4,کهریزسنگ,اصفهان,ESF
4121,1088,گرگاب,4,گرگاب,اصفهان,ESF
4122,1089,گزبرخوار,4,گزبرخوار,اصفهان,ESF
4123,1091,گلشن,4,گلشن,اصفهان,ESF
4124,1093,گوگد,4,گوگد,اصفهان,ESF
4125,1094,لای بید,4,لای بید,اصفهان,ESF
4126,1095,محمدآباد,4,محمد آباد,اصفهان,ESF
4127,1096,مشکات,4,مشکات,اصفهان,ESF
4128,1097,منظریه,4,منظریه,اصفهان,ESF
4129,1098,مهاباد,4,مهاباد,اصفهان,ESF
4130,1099,میمه,4,میمه,اصفهان,ESF
4131,1150,نصرآباد,4,نصرآباد,اصفهان,ESF
4132,1152,نیاسر,4,نیاسر,اصفهان,ESF
4133,1154,ورزنه,4,ورزنه,اصفهان,ESF
4134,1155,ورنامخواست,4,ورنامخواست,اصفهان,ESF
4135,1156,وزوان,4,وزوان,اصفهان,ESF
4136,1157,ونک,4,ونک,اصفهان,ESF
4698,1025,هرند,4,هرند,اصفهان,ESF
4708,3510,باغشاد,4,باغشاد,اصفهان,ESF
4709,3511,بویین ومیاندشت,4,بویین ومیاندشت,اصفهان,ESF
4710,3512,زازران,4,زازران,اصفهان,ESF
4711,3513,زیار,4,زیار,اصفهان,ESF
4712,3515,سین,4,سین,اصفهان,ESF
4713,3516,طرق رود,4,طرق رود,اصفهان,ESF
4714,3517,علویجه,4,علویجه,اصفهان,ESF
4715,3518,کامو و چوگان,4,کامو و چوگان,اصفهان,ESF
4716,3519,مجلسی,4,مجلسی,اصفهان,ESF
4048,3001,کرج,5,کرج,البرز,ABZ
4049,3002,ساوجبلاغ,5,ساوجبلاغ,البرز,ABZ
4050,3003,نظرآباد,5,نظرآباد,البرز,ABZ
4051,3004,طالقان,5,طالقان,البرز,ABZ
4052,3005,اشتهارد,5,اشتهارد,البرز,ABZ
4053,3006,فردیس,5,فردیس,البرز,ABZ
4055,3007,هشتگرد,5,هشتگرد,البرز,ABZ
4137,3008,آسارا,5,آسارا,البرز,ABZ
4138,3009,تنکمان,5,تنکمان,البرز,ABZ
4139,3010,چهارباغ,5,چهارباغ,البرز,ABZ
4140,3012,شهرجدیدهشتگرد,5,شهرجدیدهشتگرد,البرز,ABZ
4141,3013,کمال شهر,5,کمالشهر,البرز,ABZ
4142,3014,کوهسار,5,کوهسار,البرز,ABZ
4143,3015,گرمدره,5,گرمدره,البرز,ABZ
4144,3016,ماهدشت,5,ماهدشت,البرز,ABZ
4145,3017,محمدشهر,5,محمدشهر,البرز,ABZ
4717,3520,گلسار,5,گلسار,البرز,ABZ
3957,1601,ایلام,6,ایلام,ایلام,ILM
3958,1602,دره شهر,6,دره شهر,ایلام,ILM
3959,1603,دهلران,6,دهلران,ایلام,ILM
3960,1605,مهران,6,مهران,ایلام,ILM
3961,1606,آبدانان,6,آبدانان,ایلام,ILM
3962,1607,ایوان,6,ایوان,ایلام,ILM
3963,1610,بدره,6,بدره,ایلام,ILM
4146,1611,ارکواز,6,ارکواز,ایلام,ILM
4147,1612,آسمان آباد,6,آسمان آباد,ایلام,ILM
4148,1613,پهله,6,پهله,ایلام,ILM
4149,1614,توحید,6,توحید,ایلام,ILM
4150,1615,چوار,6,چوار,ایلام,ILM
4151,1616,دلگشا,6,دلگشا,ایلام,ILM
4152,1617,زرنه,6,زرنه,ایلام,ILM
4153,1618,سراب باغ,6,سراب باغ,ایلام,ILM
4154,1619,سرابله,6,سرابله,ایلام,ILM
4155,1620,صالح آباد,6,صالح آباد,ایلام,ILM
4156,1621,لومار,6,لومار,ایلام,ILM
4157,1622,مورموری,6,مورموری,ایلام,ILM
4158,1623,موسیان,6,موسیان,ایلام,ILM
4700,1625,شباب,6,شباب,ایلام,ILM
4718,3521,بلاوه,6,بلاوه,ایلام,ILM
4719,3522,ماژین,6,ماژین,ایلام,ILM
3967,1810,عسلویه,7,عسلویه,بوشهر,BHR
3968,1809,جم,7,جم,بوشهر,BHR
4213,1812,امام حسن,7,امام حسن,بوشهر,BHR
4214,1813,انارستان,7,انارستان,بوشهر,BHR
4215,1814,اهرم,7,اهرم,بوشهر,BHR
4216,1816,آبدان,7,آبدان,بوشهر,BHR
4217,1817,برازجان,7,برازجان,بوشهر,BHR
4218,1818,بردخون,7,بردخون,بوشهر,BHR
4219,1819,بندردیر,7,بندر دیر,بوشهر,BHR
4220,1820,بندردیلم,7,بندر دیلم,بوشهر,BHR
4221,1821,بندرریگ,7,بندر ریگ,بوشهر,BHR
4222,1822,بندرکنگان,7,بندر کنگان,بوشهر,BHR
4223,1823,بندرگناوه,7,بندر گناوه,بوشهر,BHR
4224,1824,بنک,7,بنک,بوشهر,BHR
4225,1825,تنگ ارم,7,تنگ ارم,بوشهر,BHR
4226,1826,چغادک,7,چغادک,بوشهر,BHR
4227,1827,خارک,7,خارک,بوشهر,BHR
4228,1828,خورموج,7,خورموج,بوشهر,BHR
4229,1829,دالکی,7,دالکی,بوشهر,BHR
4230,1830,دلوار,7,دلوار,بوشهر,BHR
4231,1831,ریز,7,ریز,بوشهر,BHR
4232,1832,سعدآباد,7,سعدآباد,بوشهر,BHR
4233,1833,سیراف,7,سیراف,بوشهر,BHR
4234,1834,شبانکاره,7,شبانکاره,بوشهر,BHR
4235,1835,شنبه,7,شنبه,بوشهر,BHR
4236,1836,کاکی,7,کاکی,بوشهر,BHR
4237,1837,کلمه,7,کلمه,بوشهر,BHR
4238,1838,نخل تقی,7,نخل تقی,بوشهر,BHR
4239,1839,وحدتیه,7,وحدتیه,بوشهر,BHR
4695,1811,بردستان,7,بردستان,بوشهر,BHR
4720,3525,بادوله,7,بادوله,بوشهر,BHR
4721,3526,بوشکان,7,بوشکان,بوشهر,BHR
4722,3527,دوراهک,7,دوراهک,بوشهر,BHR
3999,2301,تهران,8,تهران,تهران,THR
4000,2302,دماوند,8,دماوند,تهران,THR
4001,2303,ری,8,ری,تهران,THR
4002,2317,ملارد,8,ملارد,تهران,THR
4003,2318,پیشوا,8,پیشوا,تهران,THR
4004,2304,شمیرانات,8,شمیرانات,تهران,THR
4005,2306,ورامین,8,ورامین,تهران,THR
4006,2309,شهریار,8,شهریار,تهران,THR
4007,2313,پاکدشت,8,پاکدشت,تهران,THR
4008,2314,فیروزکوه,8,فیروزکوه,تهران,THR
4009,2316,قدس,8,قدس,تهران,THR
4010,2321,قرچک,8,قرچک,تهران,THR
4240,2324,ارجمند,8,ارجمند,تهران,THR
4241,2325,اندیشه,8,اندیشه,تهران,THR
4242,2326,آبسرد,8,آبسرد,تهران,THR
4243,2327,آبعلی,8,آبعلی,تهران,THR
4244,2328,باغستان,8,باغستان,تهران,THR
4245,2329,باقرشهر,8,باقرشهر,تهران,THR
4246,2330,بومهن,8,بومهن,تهران,THR
4247,2331,جوادآباد,8,جوادآباد,تهران,THR
4248,2332,چهاردانگه,8,چهاردانگه,تهران,THR
4249,2333,حسن آباد ,8,حسن آباد,تهران,THR
4250,2334,رودهن,8,رودهن,تهران,THR
4251,2335,شاهدشهر,8,شاهدشهر,تهران,THR
4252,2338,صفادشت,8,صفادشت,تهران,THR
4253,2339,فردوسیه,8,فردوسیه,تهران,THR
4254,2341,فشم,8,فشم,تهران,THR
4255,2342,کهریزک,8,کهریزک,تهران,THR
4256,2343,کیلان,8,کیلان,تهران,THR
4257,2344,گلستان,8,گلستان,تهران,THR
4258,2345,لواسان,8,لواسان,تهران,THR
4259,2348,وحیدیه,8,وحیدیه,تهران,THR
4696,2322,پرند,8,پرند,تهران,THR
4697,2323,صباشهر,8,صباشهر,تهران,THR
4723,3529,شمشک,8,شمشک,تهران,THR
4724,3530,صالحیه,8,صالحیه,تهران,THR
4725,3531,نصیرشهر,8,نصیرشهر,تهران,THR
4726,3532,احمد اباد مستوفی,8,احمد آباد مستوفی,تهران,THR
4727,3533,تجریش,8,تجریش,تهران,THR
4040,2901,بیرجند,10,بیرجند,خراسان جنوبی,SKH
4041,2902,درمیان,10,درمیان,خراسان جنوبی,SKH
4042,2903,سربیشه,10,سربیشه,خراسان جنوبی,SKH
4043,2905,نهبندان,10,نهبندان,خراسان جنوبی,SKH
4044,2906,سرایان,10,سرایان,خراسان جنوبی,SKH
4045,2907,فردوس,10,فردوس,خراسان جنوبی,SKH
4046,2908,بشرویه,10,بشرویه,خراسان جنوبی,SKH
4047,2911,طبس,10,طبس,خراسان جنوبی,SKH
4260,2912,ارسک,10,ارسک,خراسان جنوبی,SKH
4261,2913,اسدیه,10,اسدیه,خراسان جنوبی,SKH
4262,2914,اسفدن,10,اسفدن,خراسان جنوبی,SKH
4263,2915,اسلامیه,10,اسلامیه,خراسان جنوبی,SKH
4264,2916,آرین شهر,10,آرین شهر,خراسان جنوبی,SKH
4265,2918,حاجی آباد,10,حاجی آباد,خراسان جنوبی,SKH
4266,2919,خضری دشت بیاض,10,خضری دشت بیاض,خراسان جنوبی,SKH
4267,2920,زهان,10,زهان,خراسان جنوبی,SKH
4268,2921,سه قلعه,10,سه قلعه,خراسان جنوبی,SKH
4269,2922,شوسف,10,شوسف,خراسان جنوبی,SKH
4270,2923,طبس مسینا,10,طبس مسینا,خراسان جنوبی,SKH
4271,2925,قهستان,10,قهستان,خراسان جنوبی,SKH
4272,2926,گزیک,10,گزیک,خراسان جنوبی,SKH
4273,2927,محمد شهر,10,محمدشهر,خراسان جنوبی,SKH
4274,2928,مود,10,مود,خراسان جنوبی,SKH
4275,2929,نیمبلوک,10,نیمبلوک,خراسان جنوبی,SKH
3883,904,تایباد,11,تایباد,خراسان رضوی,RKH
3884,905,تربت حیدریه,11,تربت حیدریه,خراسان رضوی,RKH
3885,906,تربت جام,11,تربت جام,خراسان رضوی,RKH
3886,908,سبزوار,11,سبزوار,خراسان رضوی,RKH
3887,907,درگز,11,درگز,خراسان رضوی,RKH
3888,913,قوچان,11,قوچان,خراسان رضوی,RKH
3889,914,کاشمر,11,کاشمر,خراسان رضوی,RKH
3890,915,گناباد,11,گناباد,خراسان رضوی,RKH
3891,917,نیشابور,11,نیشابور,خراسان رضوی,RKH
3892,918,چناران,11,چناران,خراسان رضوی,RKH
3893,919,خواف,11,خواف,خراسان رضوی,RKH
3894,920,سرخس,11,سرخس,خراسان رضوی,RKH
3895,922,فریمان,11,فریمان,خراسان رضوی,RKH
3896,923,بردسکن,11,بردسکن,خراسان رضوی,RKH
3897,927,رشتخوار,11,رشتخوار,خراسان رضوی,RKH
3898,928,کلات,11,کلات,خراسان رضوی,RKH
3899,931,بجستان,11,بجستان,خراسان رضوی,RKH
3900,933,فیروزه,11,فیروزه,خراسان رضوی,RKH
3901,934,جغتای,11,جغتای,خراسان رضوی,RKH
3902,937,باخرز,11,باخرز,خراسان رضوی,RKH
3903,939,داورزن,11,داورزن,خراسان رضوی,RKH
3904,940,صالح آباد,11,صالح آباد,خراسان رضوی,RKH
4276,941,احمدآبادصولت,11,احمدابادصولت,خراسان رضوی,RKH
4277,942,انابد,11,انابد,خراسان رضوی,RKH
4278,943,باجگیران,11,باجگیران,خراسان رضوی,RKH
4279,944,بار,11,بار,خراسان رضوی,RKH
4280,945,بایگ,11,بایگ,خراسان رضوی,RKH
4281,946,بیدخت,11,بیدخت,خراسان رضوی,RKH
4282,947,جنگل,11,جنگل,خراسان رضوی,RKH
4283,948,چاپشلو,11,چاپشلو,خراسان رضوی,RKH
4284,949,چکنه,11,چکنه,خراسان رضوی,RKH
4285,950,خرو,11,خرو,خراسان رضوی,RKH
4286,953,رباط سنگ,11,رباط سنگ,خراسان رضوی,RKH
4287,954,رضویه,11,رضویه,خراسان رضوی,RKH
4288,956,ریوش,11,ریوش,خراسان رضوی,RKH
4289,957,سفیدسنگ,11,سفیدسنگ,خراسان رضوی,RKH
4290,958,سلامی,11,سلامی,خراسان رضوی,RKH
4291,959,سلطان آباد,11,سلطان آباد,خراسان رضوی,RKH
4292,960,سنگان,11,سنگان,خراسان رضوی,RKH
4293,961,شادمهر,11,شادمهر,خراسان رضوی,RKH
4294,962,شاندیز,11,شاندیز,خراسان رضوی,RKH
4295,963,ششتمد,11,ششتمد,خراسان رضوی,RKH
4296,965,شهرزو,11,شهرزو,خراسان رضوی,RKH
4297,967,طرقبه,11,طرقبه,خراسان رضوی,RKH
4298,968,عشق آباد,11,عشق آباد,خراسان رضوی,RKH
4299,969,فرهادگرد,11,فرهادگرد,خراسان رضوی,RKH
4300,972,قدمگاه,11,قدمگاه,خراسان رضوی,RKH
4301,974,کاخک,11,کاخک,خراسان رضوی,RKH
4302,975,کاریز,11,کاریز,خراسان رضوی,RKH
4303,976,کدکن,11,کدکن,خراسان رضوی,RKH
4304,977,کندر,11,کندر,خراسان رضوی,RKH
4305,978,گلمکان,11,گلمکان,خراسان رضوی,RKH
4306,979,لطف آباد,11,لطف آباد,خراسان رضوی,RKH
4307,980,مزدآوند,11,مزدآوند,خراسان رضوی,RKH
4308,982,ملک آباد,11,ملک آباد,خراسان رضوی,RKH
4309,983,نشتیفان,11,نشتیفان,خراسان رضوی,RKH
4310,984,نصر آباد,11,نصرآباد,خراسان رضوی,RKH
4311,985,نقاب,11,نقاب,خراسان رضوی,RKH
4312,986,نوخندان,11,نوخندان,خراسان رضوی,RKH
4313,988,همت آباد,11,همت آباد,خراسان رضوی,RKH
4314,989,یونسی,11,یونسی,خراسان رضوی,RKH
4034,2801,اسفراین,12,اسفراین,خراسان شمالی,NKH
4035,2802,بجنورد,12,بجنورد,خراسان شمالی,NKH
4036,2803,جاجرم,12,جاجرم,خراسان شمالی,NKH
4037,2804,شیروان,12,شیروان,خراسان شمالی,NKH
4038,2805,فاروج,12,فاروج,خراسان شمالی,NKH
4039,2807,گرمه,12,گرمه,خراسان شمالی,NKH
4315,2809,ایور,12,ایور,خراسان شمالی,NKH
4316,2810,آشخانه,12,آشخانه,خراسان شمالی,NKH
4317,2812,تیتکانلو,12,تیتکانلو,خراسان شمالی,NKH
4318,2814,درق,12,درق,خراسان شمالی,NKH
4319,2815,راز,12,راز,خراسان شمالی,NKH
4320,2816,سنخواست,12,سنخواست,خراسان شمالی,NKH
4321,2817,شوقان,12,شوقان,خراسان شمالی,NKH
4322,2819,قاضی,12,قاضی,خراسان شمالی,NKH
4323,2820,لوجلی,12,لوجلی,خراسان شمالی,NKH
4728,3549,زیارت,12,زیارت,خراسان شمالی,NKH
4729,3550,قوشخانه,12,قوشخانه,خراسان شمالی,NKH
3823,601,آبادان,13,آبادان,خوزستان,KHZ
3824,602,اندیمشک,13,اندیمشک,خوزستان,KHZ
3825,603,اهواز,13,اهواز,خوزستان,KHZ
3826,604,ایذه,13,ایذه,خوزستان,KHZ
3827,606,بهبهان,13,بهبهان,خوزستان,KHZ
3828,607,خرمشهر,13,خرمشهر,خوزستان,KHZ
3829,608,دزفول,13,دزفول,خوزستان,KHZ
3830,609,دشت آزادگان,13,دشت آزادگان,خوزستان,KHZ
3831,610,رامهرمز,13,رامهرمز,خوزستان,KHZ
3832,611,شادگان,13,شادگان,خوزستان,KHZ
3833,612,شوشتر,13,شوشتر,خوزستان,KHZ
3834,613,مسجدسلیمان,13,مسجد سلیمان,خوزستان,KHZ
3835,614,شوش,13,شوش,خوزستان,KHZ
3836,616,امیدیه,13,امیدیه,خوزستان,KHZ
3837,617,لالی,13,لالی,خوزستان,KHZ
3838,618,هندیجان,13,هندیجان,خوزستان,KHZ
3839,619,رامشیر,13,رامشیر,خوزستان,KHZ
3840,620,گتوند,13,گتوند,خوزستان,KHZ
3841,623,هویزه,13,هویزه,خوزستان,KHZ
3842,625,حمیدیه,13,حمیدیه,خوزستان,KHZ
3843,626,آغاجاری,13,آغاجاری,خوزستان,KHZ
4324,628,اروندکنار,13,اروندکنار,خوزستان,KHZ
4325,629,الوان,13,الوان,خوزستان,KHZ
4326,631,بستان,13,بستان,خوزستان,KHZ
4327,635,ترکالکی,13,ترکالکی,خوزستان,KHZ
4328,637,جایزان,13,جایزان,خوزستان,KHZ
4329,639,جنت مکان,13,جنت مکان,خوزستان,KHZ
4330,641,چغامیش,13,چغامیش,خوزستان,KHZ
4331,643,چمران,13,چمران,خوزستان,KHZ
4332,649,حسینیه,13,حسینیه,خوزستان,KHZ
4333,651,حمزه,13,حمزه,خوزستان,KHZ
4334,653,دارخوین,13,دارخوین,خوزستان,KHZ
4335,657,دهدز,13,دهدز,خوزستان,KHZ
4336,659,رفیع,13,رفیع,خوزستان,KHZ
4337,661,زهره,13,زهره,خوزستان,KHZ
4338,663,سالند,13,سالند,خوزستان,KHZ
4339,665,سردشت ,13,سردشت,خوزستان,KHZ
4340,667,سماله,13,سماله,خوزستان,KHZ
4341,669,سوسنگرد,13,سوسنگرد,خوزستان,KHZ
4342,671,شاوور,13,شاوور,خوزستان,KHZ
4343,673,شرافت,13,شرافت,خوزستان,KHZ
4344,675,شیبان,13,شیبان,خوزستان,KHZ
4345,677,صالح شهر,13,صالح شهر,خوزستان,KHZ
4346,681,صفی آباد ,13,صفی آباد,خوزستان,KHZ
4347,683,صیدون,13,صیدون,خوزستان,KHZ
4348,685,قلعه تل,13,قلعه تل,خوزستان,KHZ
4349,687,قلعه خواجه,13,قلعه خواجه,خوزستان,KHZ
4350,689,گوریه,13,گوریه,خوزستان,KHZ
4351,691,مشراگه,13,مشراگه,خوزستان,KHZ
4352,693,مقاومت,13,مقاومت,خوزستان,KHZ
4353,695,ملاثانی,13,ملاثانی,خوزستان,KHZ
4354,697,میانرود,13,میانرود,خوزستان,KHZ
4355,699,میداود,13,میداود,خوزستان,KHZ
4356,901,مینوشهر,13,مینوشهر,خوزستان,KHZ
4357,902,ویس,13,ویس,خوزستان,KHZ
4358,903,هفتگل,13,هفتگل,خوزستان,KHZ
4730,3553,ابوحمیظه,13,ابوحمیظه,خوزستان,KHZ
4731,3554,الهایی,13,الهایی,خوزستان,KHZ
4732,3555,بیدروبه,13,بیدروبه,خوزستان,KHZ
4733,3556,تشان,13,تشان,خوزستان,KHZ
4734,3557,خنافره,13,خنافره,خوزستان,KHZ
4735,3558,سرداران,13,سرداران,خوزستان,KHZ
4736,3559,سیاه منصور,13,سیاه منصور,خوزستان,KHZ
4737,3561,شهر امام,13,شهر امام,خوزستان,KHZ
4738,3562,فتح المبین,13,فتح المبین,خوزستان,KHZ
4739,3563,کوت سیدنعیم,13,کوت سیدنعیم,خوزستان,KHZ
4740,3564,کوت عبداله,13,کوت عبداله,خوزستان,KHZ
4741,3565,گلگیر,13,گلگیر,خوزستان,KHZ
4742,3566,منصوریه,13,منصوریه,خوزستان,KHZ
3969,1901,ابهر,14,ابهر,زنجان,ZJN
3970,1904,زنجان,14,زنجان,زنجان,ZJN
3971,1907,خرمدره,14,خرمدره,زنجان,ZJN
3972,1910,سلطانیه,14,سلطانیه,زنجان,ZJN
4359,1914,چورزق,14,چورزق,زنجان,ZJN
4360,1915,حلب,14,حلب,زنجان,ZJN
4361,1916,دندی,14,دندی,زنجان,ZJN
4362,1917,زرین آباد,14,زرین آباد,زنجان,ZJN
4363,1918,زرین رود,14,زرین رود,زنجان,ZJN
4364,1919,سجاس,14,سجاس,زنجان,ZJN
4365,1920,سهرورد,14,سهرورد,زنجان,ZJN
4366,1922,قیدار,14,قیدار,زنجان,ZJN
4367,1923,گرماب,14,گرماب,زنجان,ZJN
4699,1911,هیدج,14,هیدج,زنجان,ZJN
4743,3568,کرسف,14,کرسف,زنجان,ZJN
4744,3569,نوربهار,14,نوربهار,زنجان,ZJN
4745,3570,نیک پی,14,نیک پی,زنجان,ZJN
3973,2001,دامغان,15,دامغان,سمنان,SMN
3974,2002,سمنان,15,سمنان,سمنان,SMN
3975,2003,شاهرود,15,شاهرود,سمنان,SMN
3976,2004,گرمسار,15,گرمسار,سمنان,SMN
3977,2006,آرادان,15,آرادان,سمنان,SMN
3978,2007,میامی,15,میامی,سمنان,SMN
3979,2008,سرخه,15,سرخه,سمنان,SMN
4368,2009,امیریه,15,امیریه,سمنان,SMN
4369,2010,ایوانکی,15,ایوانکی,سمنان,SMN
4370,2011,بسطام,15,بسطام,سمنان,SMN
4371,2012,بیارجمند,15,بیارجمند,سمنان,SMN
4372,2013,درجزین,15,درجزین,سمنان,SMN
4373,2014,دیباج,15,دیباج,سمنان,SMN
4374,2015,شهمیرزاد,15,شهمیرزاد,سمنان,SMN
4375,2016,کلاته خیج,15,کلاته خیج,سمنان,SMN
4376,2017,مجن,15,مجن,سمنان,SMN
4746,3571,رودیان,15,رودیان,سمنان,SMN
4747,3572,کلاته,15,کلاته,سمنان,SMN
3919,1101,ایرانشهر,16,ایرانشهر,سیستان و بلوچستان,SBN
3920,1102,چابهار,16,چابهار,سیستان و بلوچستان,SBN
3921,1103,خاش,16,خاش,سیستان و بلوچستان,SBN
3922,1104,زابل,16,زابل,سیستان و بلوچستان,SBN
3923,1105,زاهدان,16,زاهدان,سیستان و بلوچستان,SBN
3924,1106,سراوان,16,سراوان,سیستان و بلوچستان,SBN
3925,1108,سرباز,16,سرباز,سیستان و بلوچستان,SBN
3926,1109,کنارک,16,کنارک,سیستان و بلوچستان,SBN
3927,1110,زهک,16,زهک,سیستان و بلوچستان,SBN
3928,1113,مهرستان,16,مهرستان,سیستان و بلوچستان,SBN
3929,1117,میرجاوه,16,میرجاوه,سیستان و بلوچستان,SBN
3930,1118,قصرقند,16,قصرقند,سیستان و بلوچستان,SBN
3931,1119,فنوج,16,فنوج,سیستان و بلوچستان,SBN
3932,1120,بمپور,16,بمپور,سیستان و بلوچستان,SBN
4377,1121,ادیمی,16,ادیمی,سیستان و بلوچستان,SBN
4378,1122,اسپکه,16,اسپکه,سیستان و بلوچستان,SBN
4379,1123,بزمان,16,بزمان,سیستان و بلوچستان,SBN
4380,1124,بنت,16,بنت,سیستان و بلوچستان,SBN
4381,1125,بنجار,16,بنجار,سیستان و بلوچستان,SBN
4382,1126,پیشین,16,پیشین,سیستان و بلوچستان,SBN
4383,1127,جالق,16,جالق,سیستان و بلوچستان,SBN
4384,1130,راسک,16,راسک,سیستان و بلوچستان,SBN
4385,1132,زرآباد,16,زرآباد,سیستان و بلوچستان,SBN
4386,1133,سوران,16,سوران,سیستان و بلوچستان,SBN
4387,1134,سیرکان,16,سیرکان,سیستان و بلوچستان,SBN
4388,1135,علی اکبر,16,علی اکبر,سیستان و بلوچستان,SBN
4389,1136,گشت,16,گشت,سیستان و بلوچستان,SBN
4390,1137,گلمورتی,16,گلمورتی,سیستان و بلوچستان,SBN
4391,1138,محمدان,16,محمدان,سیستان و بلوچستان,SBN
4392,1139,محمد آباد,16,محمدآباد,سیستان و بلوچستان,SBN
4393,1140,محمدی,16,محمدی,سیستان و بلوچستان,SBN
4394,1142,نگور,16,نگور,سیستان و بلوچستان,SBN
3844,701,آباده,17,آباده,فارس,FRS
3845,702,استهبان,17,استهبان,فارس,FRS
3846,703,اقلید,17,اقلید,فارس,FRS
3847,704,جهرم,17,جهرم,فارس,FRS
3848,705,داراب,17,داراب,فارس,FRS
3849,707,شیراز,17,شیراز,فارس,FRS
3850,708,فسا,17,فسا,فارس,FRS
3851,709,فیروزآباد,17,فیروزآباد,فارس,FRS
3852,710,کازرون,17,کازرون,فارس,FRS
3853,712,مرودشت,17,مرودشت,فارس,FRS
3854,715,لامرد,17,لامرد,فارس,FRS
3855,716,بوانات,17,بوانات,فارس,FRS
3856,717,ارسنجان,17,ارسنجان,فارس,FRS
3857,722,فراشبند,17,فراشبند,فارس,FRS
3858,725,سروستان,17,سروستان,فارس,FRS
3859,726,رستم,17,رستم,فارس,FRS
3860,727,گراش,17,گراش,فارس,FRS
3861,729,خرامه,17,خرامه,فارس,FRS
4395,730,اردکان,17,اردکان,فارس,FRS
4396,731,اسیر,17,اسیر,فارس,FRS
4397,732,اشکنان,17,اشکنان,فارس,FRS
4398,733,افزر,17,افزر,فارس,FRS
4399,734,امام شهر,17,امام شهر,فارس,FRS
4400,737,ایج,17,ایج,فارس,FRS
4401,738,ایزدخواست,17,ایزدخواست,فارس,FRS
4402,739,آباده طشک,17,آباده طشک,فارس,FRS
4403,740,باب انار,17,باب انار,فارس,FRS
4404,741,بالاده,17,بالاده,فارس,FRS
4405,742,بنارویه,17,بنارویه,فارس,FRS
4406,743,بهمن,17,بهمن,فارس,FRS
4407,744,بیرم,17,بیرم,فارس,FRS
4408,745,بیضا,17,بیضا,فارس,FRS
4409,747,جویم,17,جویم,فارس,FRS
4410,748,حاجی آباد ,17,حاجی آباد,فارس,FRS
4411,749,حسامی,17,حسامی,فارس,FRS
4412,751,خانه زنیان,17,خانه زنیان,فارس,FRS
4413,752,خاوران,17,خاوران,فارس,FRS
4414,753,خشت,17,خشت,فارس,FRS
4415,756,داریان,17,داریان,فارس,FRS
4416,757,دبیران,17,دبیران,فارس,FRS
4417,758,دژکرد,17,دژکرد,فارس,FRS
4418,759,دوبرجی,17,دوبرجی,فارس,FRS
4419,760,دوزه,17,دوزه,فارس,FRS
4420,761,دهرم,17,دهرم,فارس,FRS
4421,762,رامجرد,17,رامجرد,فارس,FRS
4422,763,رونیز,17,رونیز,فارس,FRS
4423,764,زاهدشهر,17,زاهدشهر,فارس,FRS
4424,765,زرقان,17,زرقان,فارس,FRS
4425,766,سده,17,سده,فارس,FRS
4426,767,سعادت شهر,17,سعادت شهر,فارس,FRS
4427,768,سورمق,17,سورمق,فارس,FRS
4428,769,سیدان,17,سیدان,فارس,FRS
4429,770,ششده,17,ششده,فارس,FRS
4430,772,شهرپیر,17,شهرپیر,فارس,FRS
4431,773,صغاد,17,صغاد,فارس,FRS
4432,774,صفاشهر,17,صفاشهر,فارس,FRS
4433,775,علامرودشت,17,علامرودشت,فارس,FRS
4434,777,فدامی,17,فدامی,فارس,FRS
4435,779,قائمیه,17,قائمیه,فارس,FRS
4436,781,قطرویه,17,قطرویه,فارس,FRS
4437,782,قیر,17,قیر,فارس,FRS
4438,784,کامفیروز,17,کامفیروز,فارس,FRS
4439,785,کره ای,17,کره ای,فارس,FRS
4440,786,کنارتخته,17,کنارتخته,فارس,FRS
4441,787,کوهنجان,17,کوهنجان,فارس,FRS
4442,789,لار,17,لار,فارس,FRS
4443,791,لطیفی,17,لطیفی,فارس,FRS
4444,793,مشکان,17,مشکان,فارس,FRS
4445,794,مصیری,17,مصیری,فارس,FRS
4446,795,میمند,17,میمند,فارس,FRS
4447,796,نوبندگان,17,نوبندگان,فارس,FRS
4448,797,نوجین,17,نوجین,فارس,FRS
4449,798,نودان,17,نودان,فارس,FRS
4450,800,وراوی,17,وراوی,فارس,FRS
4451,909,هماشهر,17,هماشهر,فارس,FRS
4748,3574,بابامنیر,17,بابامنیر,فارس,FRS
4749,3575,خانیمن,17,خانیمن,فارس,FRS
4750,3576,خوزی,17,خوزی,فارس,FRS
4751,3577,سلطان شهر,17,سلطان شهر,فارس,FRS
4752,3578,قره بلاغ,17,قره بلاغ,فارس,FRS
4753,3579,کوپن,17,کوپن,فارس,FRS
4754,3580,مادرسلیمان,17,مادرسلیمان,فارس,FRS
4755,3581,مزایجان,17,مزایجان,فارس,FRS
4756,3582,میانشهر,17,میانشهر,فارس,FRS
4019,2602,تاکستان,18,تاکستان,قزوین,GZN
4020,2603,قزوین,18,قزوین,قزوین,GZN
4021,2604,آبیک,18,آبیک,قزوین,GZN
4022,2605,البرز,18,البرز,قزوین,GZN
4023,2606,آوج,18,آوج,قزوین,GZN
4452,2607,ارداق,18,ارداق,قزوین,GZN
4453,2608,اسفرورین,18,اسفرورین,قزوین,GZN
4454,2609,اقبالیه,18,اقبالیه,قزوین,GZN
4455,2610,الوند,18,الوند,قزوین,GZN
4456,2611,آبگرم,18,آبگرم,قزوین,GZN
4457,2612,بوئین زهرا,18,بوئین زهرا,قزوین,GZN
4458,2613,بیدستان,18,بیدستان,قزوین,GZN
4459,2614,خاکعلی,18,خاکعلی,قزوین,GZN
4460,2615,خرمدشت,18,خرمدشت,قزوین,GZN
4461,2616,دانسفهان,18,دانسفهان,قزوین,GZN
4462,2617,رازمیان,18,رازمیان,قزوین,GZN
4463,2618,سگزآباد,18,سگزآباد,قزوین,GZN
4464,2619,سیردان,18,سیردان,قزوین,GZN
4465,2620,شال,18,شال,قزوین,GZN
4466,2621,شریفیه,18,شریفیه,قزوین,GZN
4467,2623,کوهین,18,کوهین,قزوین,GZN
4468,2624,محمدیه,18,محمدیه,قزوین,GZN
4469,2625,محمودآبادنمونه,18,محمود آباد نمونه,قزوین,GZN
4470,2626,معلم کلایه,18,معلم کلایه,قزوین,GZN
4471,2627,نرجه,18,نرجه,قزوین,GZN
4018,2501,قم,19,قم,قم,QHM
4472,2502,جعفریه,19,جعفریه,قم,QHM
4473,2503,دستجرد,19,دستجرد,قم,QHM
4474,2503,دستجرد,19,دستجرد,قم,QHM
4475,2504,سلفچگان,19,سلفچگان,قم,QHM
4476,2505,قنوات,19,قنوات,قم,QHM
4477,2506,کهک,19,کهک,قم,QHM
3933,1201,بانه,20,بانه,کردستان,KRD
3934,1203,سقز,20,سقز,کردستان,KRD
3935,1202,بیجار,20,بیجار,کردستان,KRD
3936,1204,سنندج,20,سنندج,کردستان,KRD
3937,1205,قروه,20,قروه,کردستان,KRD
3938,1206,مریوان,20,مریوان,کردستان,KRD
3939,1207,دیواندره,20,دیواندره,کردستان,KRD
3940,1208,کامیاران,20,کامیاران,کردستان,KRD
3941,1209,سروآباد,20,سروآباد,کردستان,KRD
3942,1210,دهگلان,20,دهگلان,کردستان,KRD
4478,1211,آرمرده,20,آرمرده,کردستان,KRD
4479,1212,بابارشانی,20,بابارشانی,کردستان,KRD
4480,1213,بلبان آباد,20,بلبان آباد,کردستان,KRD
4481,1215,چناره,20,چناره,کردستان,KRD
4482,1216,دزج,20,دزج,کردستان,KRD
4483,1217,دلبران,20,دلبران,کردستان,KRD
4484,1218,زرینه,20,زرینه,کردستان,KRD
4485,1219,سریش آباد,20,سریش آباد,کردستان,KRD
4486,1220,شویشه,20,شویشه,کردستان,KRD
4487,1221,صاحب,20,صاحب,کردستان,KRD
4488,1222,کانی دینار,20,کانی دینار,کردستان,KRD
4489,1223,کانی سور,20,کانی سور,کردستان,KRD
4490,1224,موچش,20,موچش,کردستان,KRD
4491,1225,یاسوکند,20,یاسوکند,کردستان,KRD
4757,3583,اورامان تخت,20,اورامان تخت,کردستان,KRD
4758,3584,برده رشه,20,برده رشه,کردستان,KRD
4759,3585,پیرتاج,20,پیرتاج,کردستان,KRD
3862,801,بافت,21,بافت,کرمان,KRN
3863,802,بم,21,بم,کرمان,KRN
3864,803,جیرفت,21,جیرفت,کرمان,KRN
3865,804,رفسنجان,21,رفسنجان,کرمان,KRN
3866,805,زرند,21,زرند,کرمان,KRN
3867,806,سیرجان,21,سیرجان,کرمان,KRN
3868,807,شهربابک,21,شهربابک,کرمان,KRN
3869,808,کرمان,21,کرمان,کرمان,KRN
3870,809,کهنوج,21,کهنوج,کرمان,KRN
3871,810,بردسیر,21,بردسیر,کرمان,KRN
3872,811,راور,21,راور,کرمان,KRN
3873,812,عنبرآباد,21,عنبرآباد,کرمان,KRN
3874,813,منوجان,21,منوجان,کرمان,KRN
3875,814,کوهبنان,21,کوهبنان,کرمان,KRN
3876,816,قلعه گنج,21,قلعه گنج,کرمان,KRN
3877,818,رابر,21,رابر,کرمان,KRN
3878,819,فهرج,21,فهرج,کرمان,KRN
3879,820,انار,21,انار,کرمان,KRN
3880,821,نرماشیر,21,نرماشیر,کرمان,KRN
3881,822,فاریاب,21,فاریاب,کرمان,KRN
3882,823,ارزوییه,21,ارزوییه,کرمان,KRN
4492,824,اختیارآباد,21,اختیارآباد,کرمان,KRN
4493,827,اندوهجرد,21,اندوهجرد,کرمان,KRN
4494,828,باغین,21,باغین,کرمان,KRN
4495,829,بروات,21,بروات,کرمان,KRN
4496,830,بزنجان,21,بزنجان,کرمان,KRN
4497,831,بهرمان,21,بهرمان,کرمان,KRN
4498,832,پاریز,21,پاریز,کرمان,KRN
4499,833,جبالبارز,21,جبالبارز,کرمان,KRN
4500,834,جوپار,21,جوپار,کرمان,KRN
4501,835,جوزم,21,جوزم,کرمان,KRN
4502,836,چترود,21,چترود,کرمان,KRN
4503,838,خانوک,21,خانوک,کرمان,KRN
4504,839,خورسند,21,خورسند,کرمان,KRN
4505,840,درب بهشت,21,درب بهشت,کرمان,KRN
4506,841,دوساری,21,دوساری,کرمان,KRN
4507,842,دهج,21,دهج,کرمان,KRN
4508,843,راین,21,راین,کرمان,KRN
4509,844,رودبار,21,رودبار,کرمان,KRN
4510,847,زیدآباد,21,زیدآباد,کرمان,KRN
4511,849,شهداد,21,شهداد,کرمان,KRN
4512,850,صفائیه,21,صفائیه,کرمان,KRN
4513,853,کیانشهر,21,کیانشهر,کرمان,KRN
4514,854,گلباف,21,گلباف,کرمان,KRN
4515,855,گلزار,21,گلزار,کرمان,KRN
4516,856,لاله زار,21,لاله زار,کرمان,KRN
4517,857,ماهان,21,ماهان,کرمان,KRN
4518,860,مردهک,21,مردهک,کرمان,KRN
4519,861,نجف شهر,21,نجف شهر,کرمان,KRN
4520,863,نگار,21,نگار,کرمان,KRN
4521,864,نودژ,21,نودژ,کرمان,KRN
4522,865,هجدک,21,هجدک,کرمان,KRN
4523,866,هماشهر ,21,هماشهر,کرمان,KRN
4760,3587,بلوک,21,بلوک,کرمان,KRN
4761,3588,بلورد,21,بلورد,کرمان,KRN
4762,3589,خواجو شهر,21,خواجو شهر,کرمان,KRN
4763,3590,دشتکار,21,دشتکار,کرمان,KRN
4764,3591,زهکلوت,21,زهکلوت,کرمان,KRN
4765,3592,هنزا,21,هنزا,کرمان,KRN
3812,502,کرمانشاه,22,کرمانشاه,کرمانشاه,KRH
3813,503,پاوه,22,پاوه,کرمانشاه,KRH
3814,504,سرپل ذهاب,22,سرپل ذهاب,کرمانشاه,KRH
3815,505,سنقر,22,سنقر,کرمانشاه,KRH
3816,506,قصرشیرین,22,قصر شیرین,کرمانشاه,KRH
3817,507,کنگاور,22,کنگاور,کرمانشاه,KRH
3818,508,گیلانغرب,22,گیلانغرب,کرمانشاه,KRH
3819,509,جوانرود,22,جوانرود,کرمانشاه,KRH
3820,510,صحنه,22,صحنه,کرمانشاه,KRH
3821,511,هرسین,22,هرسین,کرمانشاه,KRH
3822,514,روانسر,22,روانسر,کرمانشاه,KRH
4524,515,ازگله,22,ازگله,کرمانشاه,KRH
4525,516,باینگان,22,باینگان,کرمانشاه,KRH
4526,517,بیستون,22,بیستون,کرمانشاه,KRH
4527,518,تازه آباد,22,تازه آباد,کرمانشاه,KRH
4528,519,حمیل,22,حمیل,کرمانشاه,KRH
4529,520,رباط,22,رباط,کرمانشاه,KRH
4530,521,سرمست,22,سرمست,کرمانشاه,KRH
4531,522,سطر,22,سطر,کرمانشاه,KRH
4532,523,سومار,22,سومار,کرمانشاه,KRH
4533,524,شاهو,22,شاهو,کرمانشاه,KRH
4534,526,کوزران,22,کوزران,کرمانشاه,KRH
4535,527,گهواره,22,گهواره,کرمانشاه,KRH
4536,529,نودشه,22,نودشه,کرمانشاه,KRH
4537,530,نوسود,22,نوسود,کرمانشاه,KRH
4538,531,هلشی,22,هلشی,کرمانشاه,KRH
4766,3593,بانوره,22,بانوره,کرمانشاه,KRH
4767,3594,ریجاب,22,ریجاب,کرمانشاه,KRH
4768,3595,گودین,22,گودین,کرمانشاه,KRH
3964,1706,چرام,23,چرام,کهگیلویه و بویراحمد,KBD
3965,1707,باشت,23,باشت,کهگیلویه و بویراحمد,KBD
3966,1708,لنده,23,لنده,کهگیلویه و بویراحمد,KBD
4054,1700,یاسوج,23,یاسوج,کهگیلویه و بویراحمد,KBD
4539,1709,پاتاوه,23,پاتاوه,کهگیلویه و بویراحمد,KBD
4540,1710,چیتاب,23,چیتاب,کهگیلویه و بویراحمد,KBD
4541,1711,دوگنبدان,23,دوگنبدان,کهگیلویه و بویراحمد,KBD
4542,1712,دهدشت,23,دهدشت,کهگیلویه و بویراحمد,KBD
4543,1713,دیشموک,23,دیشموک,کهگیلویه و بویراحمد,KBD
4544,1714,سوق,23,سوق,کهگیلویه و بویراحمد,KBD
4545,1715,سی سخت,23,سی سخت,کهگیلویه و بویراحمد,KBD
4546,1717,گراب سفلی,23,گراب سفلی,کهگیلویه و بویراحمد,KBD
4547,1718,لیکک,23,لیکک,کهگیلویه و بویراحمد,KBD
4548,1719,مادوان,23,مادوان,کهگیلویه و بویراحمد,KBD
4549,1720,مارگون,23,مارگون,کهگیلویه و بویراحمد,KBD
4769,3596,سرفاریاب,23,سرفاریاب,کهگیلویه و بویراحمد,KBD
4024,2701,بندرگز,24,بندر گز,گلستان,GLS
4025,2704,کردکوی,24,کردکوی,گلستان,GLS
4026,2705,گرگان,24,گرگان,گلستان,GLS
4027,2709,کلاله,24,کلاله,گلستان,GLS
4028,2710,آزادشهر,24,آزادشهر,گلستان,GLS
4029,2707,مینودشت,24,مینودشت,گلستان,GLS
4030,2708,آق قلا,24,آق قلا,گلستان,GLS
4031,2711,رامیان,24,رامیان,گلستان,GLS
4032,2713,گمیشان,24,گمیشان,گلستان,GLS
4033,2714,گالیکش,24,گالیکش,گلستان,GLS
4550,2715,انبارآلوم,24,انبار آلوم,گلستان,GLS
4551,2717,جلین,24,جلین,گلستان,GLS
4552,2719,دلند,24,دلند,گلستان,GLS
4553,2720,سرخنکلاته,24,سرخنکلاته,گلستان,GLS
4554,2722,فاضل آباد,24,فاضل آباد,گلستان,GLS
4555,2726,نوده خاندوز,24,نوده خاندوز,گلستان,GLS
4556,2727,نوکنده,24,نوکنده,گلستان,GLS
4770,3597,تاتارعلیا,24,تاتارعلیا,گلستان,GLS
4771,3598,سنگدوین,24,سنگدوین,گلستان,GLS
4772,3599,فراغی,24,فراغی,گلستان,GLS
4773,3600,مراوه,24,مراوه,گلستان,GLS
4774,3601,مزرعه,24,مزرعه,گلستان,GLS
3751,102,آستانه اشرفیه,25,آستانه اشرفیه,گیلان,GIL
3752,103,بندرانزلی,25,بندر انزلی,گیلان,GIL
3753,105,رشت,25,رشت,گیلان,GIL
3754,107,رودسر,25,رودسر,گیلان,GIL
3755,106,رودبار,25,رودبار,گیلان,GIL
3756,111,لاهیجان,25,لاهیجان,گیلان,GIL
3757,112,شفت,25,شفت,گیلان,GIL
3758,108,صومعه سرا,25,صومعه سرا,گیلان,GIL
3759,109,فومن,25,فومن,گیلان,GIL
3760,110,لنگرود,25,لنگرود,گیلان,GIL
3761,113,املش,25,املش,گیلان,GIL
3762,115,سیاهکل,25,سیاهکل,گیلان,GIL
3763,116,ماسال,25,ماسال,گیلان,GIL
4557,117,احمدسرگوراب,25,احمدسرگوراب,گیلان,GIL
4558,118,اسالم,25,اسالم,گیلان,GIL
4559,119,اطاقور,25,اطاقور,گیلان,GIL
4560,120,بازارجمعه,25,بازارجمعه,گیلان,GIL
4561,121,بره سر,25,بره سر,گیلان,GIL
4562,122,پره سر,25,پره سر,گیلان,GIL
4563,123,توتکابن,25,توتکابن,گیلان,GIL
4564,124,جیرنده,25,جیرنده,گیلان,GIL
4565,125,چابکسر,25,چابکسر,گیلان,GIL
4566,126,چاف وچمخاله,25,چاف و چمخاله,گیلان,GIL
4567,127,چوبر,25,چوبر,گیلان,GIL
4568,128,حویق,25,حویق,گیلان,GIL
4569,129,خشکبیجار,25,خشکبیجار,گیلان,GIL
4570,130,خمام,25,خمام,گیلان,GIL
4571,131,دیلمان,25,دیلمان,گیلان,GIL
4572,132,رانکوه,25,رانکوه,گیلان,GIL
4573,133,رحیم آباد,25,رحیم آباد,گیلان,GIL
4574,134,رستم آباد,25,رستم آباد,گیلان,GIL
4575,137,رودبنه,25,رودبنه,گیلان,GIL
4576,138,سنگر,25,سنگر,گیلان,GIL
4577,139,شلمان,25,شلمان,گیلان,GIL
4578,140,کلاچای,25,کلاچای,گیلان,GIL
4579,141,کوچصفهان,25,کوچصفهان,گیلان,GIL
4580,142,کومله,25,کومله,گیلان,GIL
4581,143,کیاشهر,25,کیاشهر,گیلان,GIL
4582,144,گوراب زرمیخ,25,گوراب زرمیخ,گیلان,GIL
4583,146,لوشان,25,لوشان,گیلان,GIL
4584,147,لولمان,25,لولمان,گیلان,GIL
4585,148,لوندویل,25,لوندویل,گیلان,GIL
4586,149,لیسار,25,لیسار,گیلان,GIL
4587,150,ماسوله,25,ماسوله,گیلان,GIL
4588,152,منجیل,25,منجیل,گیلان,GIL
4589,153,واجارگاه,25,واجارگاه,گیلان,GIL
4590,154,هشتپر,25,هشتپر,گیلان,GIL
4775,3603,ماکلوان,25,ماکلوان,گیلان,GIL
3952,1501,الیگودرز,26,الیگودرز,لرستان,LRS
3953,1502,بروجرد,26,بروجرد,لرستان,LRS
3954,1505,دورود,26,دورود,لرستان,LRS
3955,1506,کوهدشت,26,کوهدشت,لرستان,LRS
3956,1507,ازنا,26,ازنا,لرستان,LRS
4591,1512,اشترینان,26,اشترینان,لرستان,LRS
4592,1513,الشتر,26,الشتر,لرستان,LRS
4593,1514,چالانچولان,26,چالانچولان,لرستان,LRS
4594,1516,چقابل,26,چقابل,لرستان,LRS
4595,1517,درب گنبد,26,درب گنبد,لرستان,LRS
4596,1518,زاغه,26,زاغه,لرستان,LRS
4597,1519,سپیددشت,26,سپیددشت,لرستان,LRS
4598,1521,شول آباد,26,شول آباد,لرستان,LRS
4599,1522,فیروز آباد,26,فیروزآباد,لرستان,LRS
4600,1523,کونانی,26,کونانی,لرستان,LRS
4601,1524,گراب,26,گراب,لرستان,LRS
4602,1525,معمولان,26,معمولان,لرستان,LRS
4603,1527,نور آباد,26,نورآباد,لرستان,LRS
4604,1528,ویسیان,26,ویسیان,لرستان,LRS
4605,1529,هفت چشمه,26,هفت چشمه,لرستان,LRS
4776,3604,بیران شهر,26,بیران شهر,لرستان,LRS
3764,201,آمل,27,آمل,مازندران,MZN
3765,202,بابل,27,بابل,مازندران,MZN
3766,204,بهشهر,27,بهشهر,مازندران,MZN
3767,205,تنکابن,27,تنکابن,مازندران,MZN
3768,206,رامسر,27,رامسر,مازندران,MZN
3769,207,ساری,27,ساری,مازندران,MZN
3770,214,نور,27,نور,مازندران,MZN
3771,215,نوشهر,27,نوشهر,مازندران,MZN
3772,218,محمودآباد,27,محمودآباد,مازندران,MZN
3773,216,بابلسر,27,بابلسر,مازندران,MZN
3774,219,نکا,27,نکا,مازندران,MZN
3775,220,چالوس,27,چالوس,مازندران,MZN
3776,221,جویبار,27,جویبار,مازندران,MZN
3777,228,کلاردشت,27,کلاردشت,مازندران,MZN
3778,222,گلوگاه,27,گلوگاه,مازندران,MZN
4606,229,امیرکلا,27,امیرکلا,مازندران,MZN
4607,230,ایزدشهر,27,ایزدشهر,مازندران,MZN
4608,231,آلاشت,27,آلاشت,مازندران,MZN
4609,232,بلده,27,بلده,مازندران,MZN
4610,233,بهنمیر,27,بهنمیر,مازندران,MZN
4611,234,پل سفید,27,پل سفید,مازندران,MZN
4612,235,پول,27,پول,مازندران,MZN
4613,236,چمستان,27,چمستان,مازندران,MZN
4614,237,خرم آباد ,27,خرم آباد,مازندران,MZN
4615,240,دابودشت,27,دابودشت,مازندران,MZN
4616,241,رستمکلا,27,رستمکلا,مازندران,MZN
4617,242,رویان,27,رویان,مازندران,MZN
4618,243,رینه,27,رینه,مازندران,MZN
4619,244,زرگر محله,27,زرگرمحله,مازندران,MZN
4620,245,زیرآب,27,زیرآب,مازندران,MZN
4621,246,سرخرود,27,سرخرود,مازندران,MZN
4622,247,سلمان شهر,27,سلمان شهر,مازندران,MZN
4623,248,سورک,27,سورک,مازندران,MZN
4624,249,شیرگاه,27,شیرگاه,مازندران,MZN
4625,250,شیرود,27,شیرود,مازندران,MZN
4626,251,فریم,27,فریم,مازندران,MZN
4627,252,کتالم وسادات شهر,27,کتالم وسادات شهر,مازندران,MZN
4628,253,کلارآباد,27,کلارآباد,مازندران,MZN
4629,256,کیاسر,27,کیاسر,مازندران,MZN
4630,257,کیاکلا,27,کیاکلا,مازندران,MZN
4631,258,گتاب,27,گتاب,مازندران,MZN
4632,259,گزنک,27,گزنک,مازندران,MZN
4633,262,مرزیکلا,27,مرزیکلا,مازندران,MZN
4634,263,نشتارود,27,نشتارود,مازندران,MZN
4777,3605,ارطه,27,ارطه,مازندران,MZN
4778,3606,امامزاده عبدالله,27,امامزاده عبدالله,مازندران,MZN
4779,3607,پایین هولار,27,پایین هولار,مازندران,MZN
4780,3608,کجور,27,کجور,مازندران,MZN
4781,3609,هادی شهر,27,هادی شهر,مازندران,MZN
4782,3610,هچیرود,27,هچیرود,مازندران,MZN
3741,1,اراک,28,اراک,مرکزی,MKZ
3742,2,آشتیان,28,آشتیان,مرکزی,MKZ
3743,3,تفرش,28,تفرش,مرکزی,MKZ
3744,4,خمین,28,خمین,مرکزی,MKZ
3745,6,ساوه,28,ساوه,مرکزی,MKZ
3746,5,دلیجان,28,دلیجان,مرکزی,MKZ
3747,9,محلات,28,محلات,مرکزی,MKZ
3748,12,خنداب,28,خنداب,مرکزی,MKZ
3749,7,شازند,28,شازند,مرکزی,MKZ
3750,11,کمیجان,28,کمیجان,مرکزی,MKZ
4635,14,آستانه,28,آستانه,مرکزی,MKZ
4636,15,پرندک,28,پرندک,مرکزی,MKZ
4637,16,توره,28,توره,مرکزی,MKZ
4638,17,جاورسیان,28,جاورسیان,مرکزی,MKZ
4639,18,خشکرود,28,خشکرود,مرکزی,MKZ
4640,19,داودآباد,28,داودآباد,مرکزی,MKZ
4641,20,رازقان,28,رازقان,مرکزی,MKZ
4642,21,زاویه,28,زاویه,مرکزی,MKZ
4643,22,ساروق,28,ساروق,مرکزی,MKZ
4644,23,سنجان,28,سنجان,مرکزی,MKZ
4645,26,فرمهین,28,فرمهین,مرکزی,MKZ
4646,28,کرهرود,28,کرهرود,مرکزی,MKZ
4647,29,مأمونیه,28,مأمونیه,مرکزی,MKZ
4648,30,میلاجرد,28,میلاجرد,مرکزی,MKZ
4649,31,نراق,28,نراق,مرکزی,MKZ
4650,32,نوبران,28,نوبران,مرکزی,MKZ
4651,34,هندودر,28,هندودر,مرکزی,MKZ
4783,3612,خنجین,28,خنجین,مرکزی,MKZ
4784,3613,شهباز,28,شهباز,مرکزی,MKZ
4785,3614,کارچان,28,کارچان,مرکزی,MKZ
3989,2201,ابوموسی,29,ابوموسی,هرمزگان,HRZ
3990,2202,بندرعباس,29,بندر عباس,هرمزگان,HRZ
3991,2203,بندرلنگه,29,بندر لنگه,هرمزگان,HRZ
3992,2204,قشم,29,قشم,هرمزگان,HRZ
3993,2205,میناب,29,میناب,هرمزگان,HRZ
3994,2206,جاسک,29,جاسک,هرمزگان,HRZ
3995,2207,رودان,29,رودان,هرمزگان,HRZ
3996,2209,بستک,29,بستک,هرمزگان,HRZ
3997,2211,پارسیان,29,پارسیان,هرمزگان,HRZ
3998,2212,سیریک,29,سیریک,هرمزگان,HRZ
4056,2214,کیش,29,کیش,هرمزگان,HRZ
4652,2216,بندرچارک,29,بندر چارک,هرمزگان,HRZ
4653,2218,تخت,29,تخت,هرمزگان,HRZ
4654,2219,جناح,29,جناح,هرمزگان,HRZ
4655,2221,درگهان,29,درگهان,هرمزگان,HRZ
4656,2222,دهبارز,29,دهبارز,هرمزگان,HRZ
4657,2224,زیارتعلی,29,زیارتعلی,هرمزگان,HRZ
4658,2226,سرگز,29,سرگز,هرمزگان,HRZ
4659,2227,سندرک,29,سندرک,هرمزگان,HRZ
4660,2228,سوزا,29,سوزا,هرمزگان,HRZ
4661,2229,فارغان,29,فارغان,هرمزگان,HRZ
4662,2230,فین,29,فین,هرمزگان,HRZ
4663,2231,قلعه قاضی,29,قلعه قاضی,هرمزگان,HRZ
4664,2233,کوشکنار,29,کوشکنار,هرمزگان,HRZ
4665,2234,گوهران,29,گوهران,هرمزگان,HRZ
4666,2235,هرمز,29,هرمز,هرمزگان,HRZ
4667,2236,هشتبندی,29,هشتبندی,هرمزگان,HRZ
4786,3615,تازیان پایین,29,تازیان پایین,هرمزگان,HRZ
4787,3616,تیرور,29,تیرور,هرمزگان,HRZ
4788,3617,کوهستک,29,کوهستک,هرمزگان,HRZ
4789,3618,گروک,29,گروک,هرمزگان,HRZ
4790,3619,لمزان,29,لمزان,هرمزگان,HRZ
3943,1301,تویسرکان,30,تویسرکان,همدان,HDN
3944,1302,ملایر,30,ملایر,همدان,HDN
3945,1303,نهاوند,30,نهاوند,همدان,HDN
3946,1305,کبودرآهنگ,30,کبودر آهنگ,همدان,HDN
3947,1304,همدان,30,همدان,همدان,HDN
3948,1306,اسدآباد,30,اسدآباد,همدان,HDN
3949,1307,بهار,30,بهار,همدان,HDN
3950,1308,رزن,30,رزن,همدان,HDN
3951,1309,فامنین,30,فامنین,همدان,HDN
4668,1310,ازندریان,30,ازندریان,همدان,HDN
4669,1311,برزول,30,برزول,همدان,HDN
4670,1312,جورقان,30,جورقان,همدان,HDN
4671,1313,جوکار,30,جوکار,همدان,HDN
4672,1314,دمق,30,دمق,همدان,HDN
4673,1315,زنگنه,30,زنگنه,همدان,HDN
4674,1316,سامن,30,سامن,همدان,HDN
4675,1317,سرکان,30,سرکان,همدان,HDN
4676,1318,شیرین سو,30,شیرین سو,همدان,HDN
4677,1320,فرسفج,30,فرسفج,همدان,HDN
4678,1321,فیروزان,30,فیروزان,همدان,HDN
4679,1323,قهاوند,30,قهاوند,همدان,HDN
4680,1324,گل تپه,30,گل تپه,همدان,HDN
4681,1325,گیان,30,گیان,همدان,HDN
4682,1326,لالجین,30,لالجین,همدان,HDN
4683,1327,مریانج,30,مریانج,همدان,HDN
3980,2101,اردکان,31,اردکان,یزد,YZD
3981,2102,بافق,31,بافق,یزد,YZD
3982,2103,تفت,31,تفت,یزد,YZD
3983,2104,مهریز,31,مهریز,یزد,YZD
3984,2105,یزد,31,یزد,یزد,YZD
3985,2106,میبد,31,میبد,یزد,YZD
3986,2107,ابرکوه,31,ابرکوه,یزد,YZD
3987,2108,اشکذر,31,اشکذر,یزد,YZD
3988,2111,بهاباد,31,بهاباد,یزد,YZD
4684,2112,احمدآباد,31,احمدآباد,یزد,YZD
4685,2115,حمیدیا,31,حمیدیا,یزد,YZD
4686,2116,خضرآباد,31,خضرآباد,یزد,YZD
4687,2117,دیهوک,31,دیهوک,یزد,YZD
4688,2118,زارچ,31,زارچ,یزد,YZD
4689,2119,شاهدیه,31,شاهدیه,یزد,YZD
4690,2122,عقدا,31,عقدا,یزد,YZD
4691,2123,مروست,31,مروست,یزد,YZD
4692,2124,مهردشت,31,مهردشت,یزد,YZD
4693,2125,ندوشن,31,ندوشن,یزد,YZD
4694,2127,هرات,31,هرات,یزد,YZD
